displayDate,1. Traditional Yield Warning (Baseline)_Prob,2. Yield Warning + Credit Filter_Prob,3. Full Macro ML Filter (Lasso)_Prob,filter_active,Actual_Recession_Flag
1970-01-01,0.0,0.257,0.003,False,
1970-02-01,1.0,0.257,0.005,True,1.0
1970-03-01,1.0,0.257,0.003,True,1.0
1970-04-01,0.0,0.257,0.021,False,
1970-05-01,0.0,0.257,0.012,False,
1970-06-01,0.0,0.257,0.013,False,
1970-07-01,0.0,0.257,0.01,False,
1970-08-01,0.0,0.257,0.006,False,
1970-09-01,0.0,0.257,0.007,False,
1970-10-01,0.0,0.257,0.01,False,
1970-11-01,0.0,0.257,0.045,False,
1970-12-01,0.0,0.257,0.067,False,
1971-01-01,0.0,0.257,0.223,False,
1971-02-01,0.0,0.391,0.42,False,
1971-03-01,0.0,0.382,0.636,False,
1971-04-01,0.0,0.4,0.924,False,
1971-05-01,0.0,0.447,0.741,False,
1971-06-01,0.0,0.453,0.902,False,
1971-07-01,0.0,0.475,0.728,False,
1971-08-01,0.0,0.501,0.822,False,
1971-09-01,0.0,0.513,0.899,False,
1971-10-01,0.0,0.544,0.517,False,
1971-11-01,0.0,0.567,0.388,False,
1971-12-01,0.0,0.614,0.102,False,
1972-01-01,0.0,0.603,0.132,False,
1972-02-01,0.0,0.506,0.26,False,
1972-03-01,0.0,0.49,0.196,False,
1972-04-01,0.0,0.542,0.205,False,
1972-05-01,0.0,0.547,0.023,False,
1972-06-01,0.0,0.57,0.025,False,
1972-07-01,0.0,0.603,0.082,False,
1972-08-01,0.0,0.603,0.317,False,
1972-09-01,0.0,0.599,0.153,False,
1972-10-01,0.0,0.613,0.062,False,
1972-11-01,0.0,0.632,0.041,False,
1972-12-01,0.0,0.646,0.034,False,
1973-01-01,0.0,0.675,0.046,False,
1973-02-01,0.0,0.74,0.038,False,
1973-03-01,0.0,0.758,0.08,False,
1973-04-01,0.0,0.785,0.341,False,
1973-05-01,0.0,0.793,0.81,False,
1973-06-01,0.0,0.79,0.96,False,
1973-07-01,1.0,0.831,0.974,True,1.0
1973-08-01,1.0,0.866,0.963,True,1.0
1973-09-01,1.0,0.882,0.99,True,1.0
1973-10-01,1.0,0.867,0.962,True,1.0
1973-11-01,1.0,0.836,0.827,True,1.0
1973-12-01,1.0,0.86,0.717,True,1.0
1974-01-01,1.0,0.817,0.955,True,1.0
1974-02-01,1.0,0.775,0.997,True,1.0
1974-03-01,1.0,0.713,1.0,True,1.0
1974-04-01,1.0,0.708,0.999,True,1.0
1974-05-01,1.0,0.698,1.0,True,1.0
1974-06-01,1.0,0.66,0.996,True,1.0
1974-07-01,1.0,0.613,0.998,True,1.0
1974-08-01,0.0,0.57,0.998,False,
1974-09-01,1.0,0.598,1.0,True,1.0
1974-10-01,1.0,0.543,1.0,True,1.0
1974-11-01,0.0,0.469,1.0,False,
1974-12-01,1.0,0.428,1.0,True,1.0
1975-01-01,0.0,0.402,1.0,False,
1975-02-01,0.0,0.363,1.0,False,
1975-03-01,0.0,0.342,1.0,False,
1975-04-01,0.0,0.319,1.0,False,
1975-05-01,0.0,0.293,1.0,False,
1975-06-01,0.0,0.276,1.0,False,
1975-07-01,0.0,0.234,1.0,False,
1975-08-01,0.0,0.238,1.0,False,
1975-09-01,0.0,0.236,1.0,False,
1975-10-01,0.0,0.256,1.0,False,
1975-11-01,0.0,0.27,1.0,False,
1975-12-01,0.0,0.288,0.973,False,
1976-01-01,0.0,0.325,0.649,False,
1976-02-01,0.0,0.338,0.101,False,
1976-03-01,0.0,0.344,0.03,False,
1976-04-01,0.0,0.369,0.01,False,
1976-05-01,0.0,0.405,0.172,False,
1976-06-01,0.0,0.417,0.003,False,
1976-07-01,0.0,0.499,0.016,False,
1976-08-01,0.0,0.49,0.012,False,
1976-09-01,0.0,0.495,0.102,False,
1976-10-01,0.0,0.502,0.138,False,
1976-11-01,0.0,0.52,0.454,False,
1976-12-01,0.0,0.528,0.39,False,
1977-01-01,0.0,0.529,0.196,False,
1977-02-01,0.0,0.495,0.18,False,
1977-03-01,0.0,0.509,0.165,False,
1977-04-01,0.0,0.53,0.11,False,
1977-05-01,0.0,0.549,0.021,False,
1977-06-01,0.0,0.603,0.057,False,
1977-07-01,0.0,0.634,0.014,False,
1977-08-01,0.0,0.652,0.09,False,
1977-09-01,0.0,0.685,0.065,False,
1977-10-01,0.0,0.712,0.082,False,
1977-11-01,0.0,0.745,0.029,False,
1977-12-01,0.0,0.749,0.039,False,
1978-01-01,0.0,0.717,0.08,False,
1978-02-01,0.0,0.75,0.867,False,
1978-03-01,0.0,0.74,0.48,False,
1978-04-01,0.0,0.732,0.145,False,
1978-05-01,0.0,0.721,0.021,False,
1978-06-01,0.0,0.73,0.165,False,
1978-07-01,0.0,0.766,0.158,False,
1978-08-01,0.0,0.774,0.268,False,
1978-09-01,0.0,0.797,0.353,False,
1978-10-01,0.0,0.839,0.339,False,
1978-11-01,0.0,0.813,0.269,False,
1978-12-01,1.0,0.838,0.34,True,0.0
1979-01-01,1.0,0.861,0.263,True,0.0
1979-02-01,1.0,0.881,0.633,True,1.0
1979-03-01,1.0,0.881,0.77,True,1.0
1979-04-01,1.0,0.872,0.871,True,1.0
1979-05-01,1.0,0.861,0.999,True,1.0
1979-06-01,1.0,0.85,0.977,True,1.0
1979-07-01,1.0,0.805,0.994,True,1.0
1979-08-01,1.0,0.808,0.996,True,1.0
1979-09-01,1.0,0.812,1.0,True,1.0
1979-10-01,1.0,0.835,1.0,True,1.0
1979-11-01,1.0,0.862,1.0,True,1.0
1979-12-01,1.0,0.84,1.0,True,1.0
1980-01-01,1.0,0.846,1.0,True,1.0
1980-02-01,1.0,0.801,1.0,True,1.0
1980-03-01,1.0,0.748,1.0,True,1.0
1980-04-01,1.0,0.793,1.0,True,1.0
1980-05-01,1.0,0.683,1.0,True,1.0
1980-06-01,0.0,0.437,1.0,False,
1980-07-01,0.0,0.354,1.0,False,
1980-08-01,0.0,0.344,1.0,False,
1980-09-01,0.0,0.326,1.0,False,
1980-10-01,0.0,0.314,1.0,False,
1980-11-01,1.0,0.304,0.999,True,1.0
1980-12-01,1.0,0.284,0.995,True,1.0
1981-01-01,1.0,0.292,0.993,True,1.0
1981-02-01,1.0,0.283,0.999,True,1.0
1981-03-01,1.0,0.273,0.998,True,1.0
1981-04-01,1.0,0.297,0.995,True,1.0
1981-05-01,1.0,0.34,0.994,True,1.0
1981-06-01,1.0,0.444,0.996,True,1.0
1981-07-01,1.0,0.476,0.921,True,1.0
1981-08-01,1.0,0.477,0.862,True,1.0
1981-09-01,1.0,0.466,0.954,True,1.0
1981-10-01,0.0,0.474,0.999,False,
1981-11-01,0.0,0.431,1.0,False,
1981-12-01,0.0,0.41,1.0,False,
1982-01-01,0.0,0.372,1.0,False,
1982-02-01,0.0,0.414,1.0,False,
1982-03-01,0.0,0.452,1.0,False,
1982-04-01,0.0,0.426,1.0,False,
1982-05-01,0.0,0.418,1.0,False,
1982-06-01,0.0,0.404,1.0,False,
1982-07-01,0.0,0.398,1.0,False,
1982-08-01,0.0,0.365,1.0,False,
1982-09-01,0.0,0.322,1.0,False,
1982-10-01,0.0,0.304,1.0,False,
1982-11-01,0.0,0.328,1.0,False,
1982-12-01,0.0,0.345,1.0,False,
1983-01-01,0.0,0.376,1.0,False,
1983-02-01,0.0,0.36,0.999,False,
1983-03-01,0.0,0.353,0.997,False,
1983-04-01,0.0,0.381,0.893,False,
1983-05-01,0.0,0.392,0.025,False,
1983-06-01,0.0,0.39,0.003,False,
1983-07-01,0.0,0.418,0.005,False,
1983-08-01,0.0,0.445,0.004,False,
1983-09-01,0.0,0.472,0.005,False,
1983-10-01,0.0,0.48,0.0,False,
1983-11-01,0.0,0.504,0.0,False,
1983-12-01,0.0,0.529,0.0,False,
1984-01-01,0.0,0.561,0.0,False,
1984-02-01,0.0,0.579,0.0,False,
1984-03-01,0.0,0.645,0.0,False,
1984-04-01,0.0,0.643,0.0,False,
1984-05-01,0.0,0.645,0.002,False,
1984-06-01,0.0,0.634,0.001,False,
1984-07-01,0.0,0.639,0.011,False,
1984-08-01,0.0,0.682,0.007,False,
1984-09-01,0.0,0.765,0.061,False,
1984-10-01,0.0,0.769,0.509,False,
1984-11-01,0.0,0.742,0.651,False,
1984-12-01,0.0,0.682,0.676,False,
1985-01-01,0.0,0.631,0.625,False,
1985-02-01,0.0,0.62,0.76,False,
1985-03-01,0.0,0.639,0.735,False,
1985-04-01,0.0,0.653,0.795,False,
1985-05-01,0.0,0.644,0.901,False,
1985-06-01,0.0,0.627,0.904,False,
1985-07-01,0.0,0.611,0.797,False,
1985-08-01,0.0,0.604,0.916,False,
1985-09-01,0.0,0.6,0.892,False,
1985-10-01,0.0,0.619,0.703,False,
1985-11-01,0.0,0.63,0.848,False,
1985-12-01,0.0,0.676,0.7,False,
1986-01-01,0.0,0.685,0.617,False,
1986-02-01,0.0,0.678,0.161,False,
1986-03-01,0.0,0.685,0.568,False,
1986-04-01,0.0,0.666,0.379,False,
1986-05-01,0.0,0.651,0.424,False,
1986-06-01,0.0,0.628,0.425,False,
1986-07-01,0.0,0.622,0.692,False,
1986-08-01,0.0,0.618,0.48,False,
1986-09-01,0.0,0.593,0.438,False,
1986-10-01,0.0,0.542,0.276,False,
1986-11-01,0.0,0.548,0.322,False,
1986-12-01,0.0,0.531,0.335,False,
1987-01-01,0.0,0.521,0.352,False,
1987-02-01,0.0,0.467,0.621,False,
1987-03-01,0.0,0.436,0.068,False,
1987-04-01,0.0,0.415,0.151,False,
1987-05-01,0.0,0.391,0.091,False,
1987-06-01,0.0,0.358,0.035,False,
1987-07-01,0.0,0.367,0.017,False,
1987-08-01,0.0,0.365,0.013,False,
1987-09-01,0.0,0.373,0.009,False,
1987-10-01,0.0,0.35,0.01,False,
1987-11-01,0.0,0.33,0.003,False,
1987-12-01,0.0,0.348,0.003,False,
1988-01-01,0.0,0.352,0.0,False,
1988-02-01,0.0,0.397,0.001,False,
1988-03-01,0.0,0.427,0.003,False,
1988-04-01,0.0,0.45,0.019,False,
1988-05-01,0.0,0.436,0.005,False,
1988-06-01,0.0,0.44,0.021,False,
1988-07-01,0.0,0.443,0.016,False,
1988-08-01,0.0,0.438,0.038,False,
1988-09-01,0.0,0.444,0.075,False,
1988-10-01,0.0,0.448,0.043,False,
1988-11-01,0.0,0.449,0.035,False,
1988-12-01,0.0,0.456,0.035,False,
1989-01-01,0.0,0.467,0.081,False,
1989-02-01,0.0,0.542,0.053,False,
1989-03-01,0.0,0.547,0.051,False,
1989-04-01,0.0,0.566,0.022,False,
1989-05-01,0.0,0.552,0.02,False,
1989-06-01,0.0,0.558,0.303,False,
1989-07-01,1.0,0.573,0.428,True,0.0
1989-08-01,1.0,0.572,0.862,True,1.0
1989-09-01,1.0,0.549,0.404,True,1.0
1989-10-01,0.0,0.547,0.709,False,
1989-11-01,0.0,0.552,0.818,False,
1989-12-01,1.0,0.569,0.919,True,1.0
1990-01-01,1.0,0.577,0.874,True,1.0
1990-02-01,0.0,0.471,0.753,False,
1990-03-01,0.0,0.447,0.578,False,
1990-04-01,0.0,0.405,0.437,False,
1990-05-01,0.0,0.382,0.412,False,
1990-06-01,0.0,0.366,0.094,False,
1990-07-01,0.0,0.372,0.079,False,
1990-08-01,0.0,0.377,0.066,False,
1990-09-01,0.0,0.367,0.083,False,
1990-10-01,0.0,0.357,0.252,False,
1990-11-01,0.0,0.348,0.47,False,
1990-12-01,0.0,0.335,0.899,False,
1991-01-01,0.0,0.294,0.904,False,
1991-02-01,0.0,0.273,0.983,False,
1991-03-01,0.0,0.273,0.988,False,
1991-04-01,0.0,0.282,0.995,False,
1991-05-01,0.0,0.282,0.993,False,
1991-06-01,0.0,0.278,0.97,False,
1991-07-01,0.0,0.261,0.822,False,
1991-08-01,0.0,0.243,0.539,False,
1991-09-01,0.0,0.232,0.439,False,
1991-10-01,0.0,0.226,0.074,False,
1991-11-01,0.0,0.217,0.031,False,
1991-12-01,0.0,0.218,0.016,False,
1992-01-01,0.0,0.233,0.093,False,
1992-02-01,0.0,0.243,0.084,False,
1992-03-01,0.0,0.246,0.035,False,
1992-04-01,0.0,0.239,0.003,False,
1992-05-01,0.0,0.236,0.0,False,
1992-06-01,0.0,0.236,0.0,False,
1992-07-01,0.0,0.24,0.0,False,
1992-08-01,0.0,0.247,0.001,False,
1992-09-01,0.0,0.256,0.001,False,
1992-10-01,0.0,0.259,0.004,False,
1992-11-01,0.0,0.262,0.003,False,
1992-12-01,0.0,0.269,0.001,False,
1993-01-01,0.0,0.279,0.0,False,
1993-02-01,0.0,0.283,0.0,False,
1993-03-01,0.0,0.295,0.0,False,
1993-04-01,0.0,0.295,0.0,False,
1993-05-01,0.0,0.318,0.001,False,
1993-06-01,0.0,0.315,0.003,False,
1993-07-01,0.0,0.333,0.005,False,
1993-08-01,0.0,0.347,0.001,False,
1993-09-01,0.0,0.36,0.002,False,
1993-10-01,0.0,0.386,0.0,False,
1993-11-01,0.0,0.417,0.0,False,
1993-12-01,0.0,0.427,0.0,False,
1994-01-01,0.0,0.44,0.0,False,
1994-02-01,0.0,0.444,0.0,False,
1994-03-01,0.0,0.454,0.001,False,
1994-04-01,0.0,0.481,0.0,False,
1994-05-01,0.0,0.473,0.001,False,
1994-06-01,0.0,0.528,0.0,False,
1994-07-01,0.0,0.55,0.0,False,
1994-08-01,0.0,0.549,0.0,False,
1994-09-01,0.0,0.586,0.0,False,
1994-10-01,0.0,0.595,0.001,False,
1994-11-01,0.0,0.61,0.0,False,
1994-12-01,0.0,0.623,0.0,False,
1995-01-01,0.0,0.673,0.0,False,
1995-02-01,0.0,0.701,0.001,False,
1995-03-01,0.0,0.721,0.003,False,
1995-04-01,0.0,0.742,0.028,False,
1995-05-01,0.0,0.74,0.15,False,
1995-06-01,0.0,0.769,0.204,False,
1995-07-01,0.0,0.78,0.556,False,
1995-08-01,0.0,0.772,0.778,False,
1995-09-01,0.0,0.745,0.47,False,
1995-10-01,0.0,0.764,0.353,False,
1995-11-01,0.0,0.755,0.423,False,
1995-12-01,0.0,0.78,0.704,False,
1996-01-01,0.0,0.748,0.855,False,
1996-02-01,0.0,0.738,0.961,False,
1996-03-01,0.0,0.718,0.749,False,
1996-04-01,0.0,0.673,0.829,False,
1996-05-01,0.0,0.65,0.147,False,
1996-06-01,0.0,0.622,0.064,False,
1996-07-01,0.0,0.608,0.03,False,
1996-08-01,0.0,0.621,0.024,False,
1996-09-01,0.0,0.616,0.046,False,
1996-10-01,0.0,0.562,0.026,False,
1996-11-01,0.0,0.568,0.093,False,
1996-12-01,0.0,0.558,0.024,False,
1997-01-01,0.0,0.559,0.017,False,
1997-02-01,0.0,0.522,0.017,False,
1997-03-01,0.0,0.51,0.011,False,
1997-04-01,0.0,0.479,0.005,False,
1997-05-01,0.0,0.476,0.014,False,
1997-06-01,0.0,0.462,0.017,False,
1997-07-01,0.0,0.45,0.024,False,
1997-08-01,0.0,0.445,0.01,False,
1997-09-01,0.0,0.436,0.008,False,
1997-10-01,0.0,0.444,0.007,False,
1997-11-01,0.0,0.457,0.007,False,
1997-12-01,0.0,0.44,0.008,False,
1998-01-01,0.0,0.444,0.007,False,
1998-02-01,0.0,0.415,0.007,False,
1998-03-01,0.0,0.421,0.039,False,
1998-04-01,0.0,0.438,0.059,False,
1998-05-01,0.0,0.497,0.078,False,
1998-06-01,0.0,0.491,0.147,False,
1998-07-01,0.0,0.514,0.474,False,
1998-08-01,0.0,0.509,0.927,False,
1998-09-01,0.0,0.513,0.516,False,
1998-10-01,1.0,0.529,0.599,True,0.0
1998-11-01,0.0,0.513,0.439,False,
1998-12-01,0.0,0.518,0.773,False,
1999-01-01,0.0,0.521,0.846,False,
1999-02-01,0.0,0.568,0.756,False,
1999-03-01,0.0,0.577,0.4,False,
1999-04-01,0.0,0.567,0.387,False,
1999-05-01,0.0,0.485,0.428,False,
1999-06-01,0.0,0.5,0.41,False,
1999-07-01,0.0,0.486,0.263,False,
1999-08-01,0.0,0.516,0.268,False,
1999-09-01,0.0,0.526,0.308,False,
1999-10-01,0.0,0.515,0.52,False,
1999-11-01,0.0,0.505,0.132,False,
1999-12-01,0.0,0.53,0.113,False,
2000-01-01,0.0,0.504,0.058,False,
2000-02-01,0.0,0.484,0.184,False,
2000-03-01,0.0,0.497,0.306,False,
2000-04-01,0.0,0.522,0.496,False,
2000-05-01,0.0,0.539,0.472,False,
2000-06-01,0.0,0.53,0.324,False,
2000-07-01,0.0,0.581,0.708,False,
2000-08-01,1.0,0.614,0.684,True,1.0
2000-09-01,1.0,0.659,0.89,True,1.0
2000-10-01,1.0,0.676,0.892,True,1.0
2000-11-01,1.0,0.706,0.983,True,1.0
2000-12-01,1.0,0.727,0.984,True,1.0
2001-01-01,1.0,0.752,0.998,True,1.0
2001-02-01,1.0,0.732,1.0,True,1.0
2001-03-01,1.0,0.735,1.0,True,1.0
2001-04-01,0.0,0.713,1.0,False,
2001-05-01,0.0,0.669,1.0,False,
2001-06-01,0.0,0.62,1.0,False,
2001-07-01,0.0,0.58,1.0,False,
2001-08-01,0.0,0.543,1.0,False,
2001-09-01,0.0,0.518,1.0,False,
2001-10-01,0.0,0.476,1.0,False,
2001-11-01,0.0,0.464,1.0,False,
2001-12-01,0.0,0.471,1.0,False,
2002-01-01,0.0,0.431,1.0,False,
2002-02-01,0.0,0.409,0.999,False,
2002-03-01,0.0,0.405,0.998,False,
2002-04-01,0.0,0.395,0.986,False,
2002-05-01,0.0,0.393,0.879,False,
2002-06-01,0.0,0.401,0.681,False,
2002-07-01,0.0,0.409,0.39,False,
2002-08-01,0.0,0.432,0.676,False,
2002-09-01,0.0,0.443,0.45,False,
2002-10-01,0.0,0.45,0.472,False,
2002-11-01,0.0,0.424,0.691,False,
2002-12-01,0.0,0.373,0.506,False,
2003-01-01,0.0,0.368,0.367,False,
2003-02-01,0.0,0.387,0.423,False,
2003-03-01,0.0,0.391,0.362,False,
2003-04-01,0.0,0.384,0.628,False,
2003-05-01,0.0,0.381,0.912,False,
2003-06-01,0.0,0.396,0.969,False,
2003-07-01,0.0,0.388,0.931,False,
2003-08-01,0.0,0.36,0.87,False,
2003-09-01,0.0,0.349,0.906,False,
2003-10-01,0.0,0.361,0.496,False,
2003-11-01,0.0,0.364,0.254,False,
2003-12-01,0.0,0.354,0.066,False,
2004-01-01,0.0,0.357,0.09,False,
2004-02-01,0.0,0.36,0.023,False,
2004-03-01,0.0,0.359,0.019,False,
2004-04-01,0.0,0.374,0.009,False,
2004-05-01,0.0,0.346,0.026,False,
2004-06-01,0.0,0.333,0.01,False,
2004-07-01,0.0,0.338,0.017,False,
2004-08-01,0.0,0.35,0.003,False,
2004-09-01,0.0,0.356,0.007,False,
2004-10-01,0.0,0.376,0.016,False,
2004-11-01,0.0,0.391,0.035,False,
2004-12-01,0.0,0.408,0.075,False,
2005-01-01,0.0,0.403,0.092,False,
2005-02-01,0.0,0.394,0.078,False,
2005-03-01,0.0,0.412,0.159,False,
2005-04-01,0.0,0.398,0.218,False,
2005-05-01,0.0,0.421,0.064,False,
2005-06-01,0.0,0.412,0.05,False,
2005-07-01,0.0,0.436,0.134,False,
2005-08-01,0.0,0.435,0.242,False,
2005-09-01,0.0,0.448,0.143,False,
2005-10-01,0.0,0.422,0.761,False,
2005-11-01,0.0,0.4,0.431,False,
2005-12-01,0.0,0.4,0.117,False,
2006-01-01,0.0,0.402,0.022,False,
2006-02-01,1.0,0.563,0.091,True,0.0
2006-03-01,1.0,0.547,0.037,True,0.0
2006-04-01,1.0,0.548,0.113,True,0.0
2006-05-01,0.0,0.52,0.156,False,
2006-06-01,0.0,0.54,0.29,False,
2006-07-01,0.0,0.488,0.182,False,
2006-08-01,1.0,0.489,0.371,True,0.0
2006-09-01,1.0,0.499,0.33,True,0.0
2006-10-01,1.0,0.519,0.38,True,0.0
2006-11-01,1.0,0.517,0.399,True,0.0
2006-12-01,1.0,0.531,0.787,True,0.0
2007-01-01,1.0,0.545,0.518,True,1.0
2007-02-01,1.0,0.382,0.663,True,1.0
2007-03-01,1.0,0.391,0.601,True,1.0
2007-04-01,1.0,0.396,0.544,True,1.0
2007-05-01,1.0,0.405,0.716,True,1.0
2007-06-01,1.0,0.411,0.66,True,1.0
2007-07-01,0.0,0.437,0.654,False,
2007-08-01,1.0,0.46,0.752,True,1.0
2007-09-01,0.0,0.46,0.804,False,
2007-10-01,0.0,0.455,0.688,False,
2007-11-01,0.0,0.475,0.872,False,
2007-12-01,0.0,0.471,0.683,False,
2008-01-01,0.0,0.454,0.886,False,
2008-02-01,0.0,0.469,0.824,False,
2008-03-01,0.0,0.449,0.97,False,
2008-04-01,0.0,0.422,0.995,False,
2008-05-01,0.0,0.414,0.996,False,
2008-06-01,0.0,0.406,0.999,False,
2008-07-01,0.0,0.394,1.0,False,
2008-08-01,0.0,0.375,1.0,False,
2008-09-01,0.0,0.354,1.0,False,
2008-10-01,0.0,0.325,1.0,False,
2008-11-01,0.0,0.305,1.0,False,
2008-12-01,0.0,0.284,1.0,False,
2009-01-01,0.0,0.276,1.0,False,
2009-02-01,0.0,0.271,1.0,False,
2009-03-01,0.0,0.252,1.0,False,
2009-04-01,0.0,0.231,1.0,False,
2009-05-01,0.0,0.22,1.0,False,
2009-06-01,0.0,0.216,1.0,False,
2009-07-01,0.0,0.209,1.0,False,
2009-08-01,0.0,0.207,1.0,False,
2009-09-01,0.0,0.205,1.0,False,
2009-10-01,0.0,0.206,1.0,False,
2009-11-01,0.0,0.195,0.999,False,
2009-12-01,0.0,0.194,0.992,False,
2010-01-01,0.0,0.204,0.671,False,
2010-02-01,0.0,0.199,0.296,False,
2010-03-01,0.0,0.194,0.069,False,
2010-04-01,0.0,0.207,0.004,False,
2010-05-01,0.0,0.212,0.002,False,
2010-06-01,0.0,0.204,0.0,False,
2010-07-01,0.0,0.21,0.0,False,
2010-08-01,0.0,0.21,0.0,False,
2010-09-01,0.0,0.214,0.001,False,
2010-10-01,0.0,0.218,0.005,False,
2010-11-01,0.0,0.236,0.022,False,
2010-12-01,0.0,0.247,0.013,False,
2011-01-01,0.0,0.356,0.036,False,
2011-02-01,0.0,0.373,0.107,False,
2011-03-01,0.0,0.387,0.085,False,
2011-04-01,0.0,0.369,0.234,False,
2011-05-01,0.0,0.374,0.554,False,
2011-06-01,0.0,0.395,0.895,False,
2011-07-01,0.0,0.415,0.926,False,
2011-08-01,0.0,0.438,0.963,False,
2011-09-01,0.0,0.453,0.929,False,
2011-10-01,0.0,0.476,0.923,False,
2011-11-01,0.0,0.463,0.869,False,
2011-12-01,0.0,0.496,0.978,False,
2012-01-01,0.0,0.343,0.848,False,
2012-02-01,0.0,0.348,0.697,False,
2012-03-01,0.0,0.347,0.597,False,
2012-04-01,0.0,0.371,0.546,False,
2012-05-01,0.0,0.376,0.652,False,
2012-06-01,0.0,0.397,0.315,False,
2012-07-01,0.0,0.404,0.47,False,
2012-08-01,0.0,0.385,0.183,False,
2012-09-01,0.0,0.414,0.463,False,
2012-10-01,0.0,0.409,0.569,False,
2012-11-01,0.0,0.421,0.808,False,
2012-12-01,0.0,0.421,0.338,False,
2013-01-01,0.0,0.418,0.393,False,
2013-02-01,0.0,0.416,0.151,False,
2013-03-01,0.0,0.432,0.401,False,
2013-04-01,0.0,0.426,0.218,False,
2013-05-01,0.0,0.429,0.202,False,
2013-06-01,0.0,0.419,0.205,False,
2013-07-01,0.0,0.408,0.075,False,
2013-08-01,0.0,0.402,0.476,False,
2013-09-01,0.0,0.394,0.068,False,
2013-10-01,0.0,0.398,0.109,False,
2013-11-01,0.0,0.405,0.051,False,
2013-12-01,0.0,0.392,0.046,False,
2014-01-01,0.0,0.39,0.075,False,
2014-02-01,0.0,0.393,0.261,False,
2014-03-01,0.0,0.398,0.078,False,
2014-04-01,0.0,0.403,0.121,False,
2014-05-01,0.0,0.415,0.229,False,
2014-06-01,0.0,0.424,0.152,False,
2014-07-01,0.0,0.426,0.244,False,
2014-08-01,0.0,0.433,0.083,False,
2014-09-01,0.0,0.438,0.245,False,
2014-10-01,0.0,0.432,0.181,False,
2014-11-01,0.0,0.43,0.093,False,
2014-12-01,0.0,0.423,0.078,False,
2015-01-01,0.0,0.44,0.055,False,
2015-02-01,0.0,0.438,0.125,False,
2015-03-01,0.0,0.43,0.496,False,
2015-04-01,0.0,0.432,0.52,False,
2015-05-01,0.0,0.435,0.33,False,
2015-06-01,0.0,0.423,0.771,False,
2015-07-01,0.0,0.424,0.826,False,
2015-08-01,0.0,0.422,0.295,False,
2015-09-01,0.0,0.427,0.431,False,
2015-10-01,0.0,0.434,0.293,False,
2015-11-01,0.0,0.443,0.625,False,
2015-12-01,0.0,0.44,0.851,False,
2016-01-01,0.0,0.304,0.733,False,
2016-02-01,0.0,0.314,0.723,False,
2016-03-01,0.0,0.319,0.612,False,
2016-04-01,0.0,0.346,0.547,False,
2016-05-01,0.0,0.343,0.607,False,
2016-06-01,0.0,0.34,0.34,False,
2016-07-01,0.0,0.336,0.4,False,
2016-08-01,0.0,0.339,0.606,False,
2016-09-01,0.0,0.343,0.48,False,
2016-10-01,0.0,0.337,0.453,False,
2016-11-01,0.0,0.333,0.529,False,
2016-12-01,0.0,0.336,0.513,False,
2017-01-01,0.0,0.466,0.672,False,
2017-02-01,0.0,0.465,0.287,False,
2017-03-01,0.0,0.461,0.572,False,
2017-04-01,0.0,0.429,0.508,False,
2017-05-01,0.0,0.429,0.213,False,
2017-06-01,0.0,0.43,0.127,False,
2017-07-01,0.0,0.432,0.12,False,
2017-08-01,0.0,0.427,0.213,False,
2017-09-01,0.0,0.418,0.231,False,
2017-10-01,0.0,0.411,0.216,False,
2017-11-01,0.0,0.418,0.082,False,
2017-12-01,0.0,0.426,0.055,False,
2018-01-01,0.0,0.423,0.017,False,
2018-02-01,0.0,0.418,0.041,False,
2018-03-01,0.0,0.413,0.007,False,
2018-04-01,0.0,0.412,0.034,False,
2018-05-01,0.0,0.405,0.008,False,
2018-06-01,0.0,0.409,0.137,False,
2018-07-01,0.0,0.397,0.024,False,
2018-08-01,0.0,0.406,0.035,False,
2018-09-01,0.0,0.415,0.019,False,
2018-10-01,0.0,0.412,0.05,False,
2018-11-01,0.0,0.405,0.063,False,
2018-12-01,0.0,0.402,0.037,False,
2019-01-01,0.0,0.411,0.058,False,
2019-02-01,0.0,0.417,0.259,False,
2019-03-01,0.0,0.414,0.61,False,
2019-04-01,1.0,0.415,0.594,True,1.0
2019-05-01,1.0,0.425,0.845,True,1.0
2019-06-01,1.0,0.426,0.772,True,1.0
2019-07-01,1.0,0.44,0.838,True,1.0
2019-08-01,1.0,0.438,0.838,True,1.0
2019-09-01,1.0,0.439,0.831,True,1.0
2019-10-01,1.0,0.433,0.863,True,1.0
2019-11-01,1.0,0.425,0.962,True,1.0
2019-12-01,0.0,0.405,0.952,False,
2020-01-01,0.0,0.416,0.952,False,
2020-02-01,1.0,0.373,0.917,True,1.0
2020-03-01,1.0,0.38,0.866,True,1.0
2020-04-01,0.0,0.341,1.0,False,
2020-05-01,0.0,0.272,1.0,False,
2020-06-01,0.0,0.246,1.0,False,
2020-07-01,0.0,0.25,1.0,False,
2020-08-01,0.0,0.253,1.0,False,
2020-09-01,0.0,0.24,1.0,False,
2020-10-01,0.0,0.242,1.0,False,
2020-11-01,0.0,0.235,1.0,False,
2020-12-01,0.0,0.237,1.0,False,
2021-01-01,0.0,0.227,1.0,False,
2021-02-01,0.0,0.249,1.0,False,
2021-03-01,0.0,0.254,1.0,False,
2021-04-01,0.0,0.275,1.0,False,
2021-05-01,0.0,0.335,0.316,False,
2021-06-01,0.0,0.375,0.146,False,
2021-07-01,0.0,0.501,0.234,False,
2021-08-01,0.0,0.498,0.002,False,
2021-09-01,0.0,0.514,0.016,False,
2021-10-01,0.0,0.498,0.578,False,
2021-11-01,0.0,0.5,0.788,False,
2021-12-01,0.0,0.52,0.592,False,
2022-01-01,0.0,0.532,0.683,False,
2022-02-01,0.0,0.525,0.861,False,
2022-03-01,0.0,0.531,0.41,False,
2022-04-01,0.0,0.55,0.362,False,
2022-05-01,0.0,0.545,0.384,False,
2022-06-01,0.0,0.543,0.156,False,
2022-07-01,0.0,0.445,0.683,False,
2022-08-01,0.0,0.486,0.186,False,
2022-09-01,0.0,0.514,0.404,False,
2022-10-01,0.0,0.526,0.141,False,
2022-11-01,0.0,0.546,0.07,False,
2022-12-01,1.0,0.57,0.123,True,0.0
2023-01-01,1.0,0.576,0.143,True,0.0
2023-02-01,1.0,0.589,0.024,True,0.0
2023-03-01,1.0,0.56,0.049,True,0.0
2023-04-01,1.0,0.544,0.009,True,0.0
2023-05-01,1.0,0.532,0.002,True,0.0
2023-06-01,1.0,0.508,0.002,True,0.0
2023-07-01,1.0,0.486,0.003,True,0.0
2023-08-01,1.0,0.471,0.003,True,0.0
2023-09-01,1.0,0.419,0.0,True,0.0
2023-10-01,1.0,0.398,0.001,True,0.0
2023-11-01,1.0,0.37,0.002,True,0.0
2023-12-01,1.0,0.372,0.002,True,0.0
2024-01-01,1.0,0.36,0.003,True,0.0
2024-02-01,1.0,0.36,0.022,True,0.0
2024-03-01,1.0,0.36,0.004,True,0.0
2024-04-01,1.0,0.338,0.005,True,0.0
2024-05-01,1.0,0.325,0.013,True,0.0
2024-06-01,1.0,0.329,0.003,True,0.0
2024-07-01,1.0,0.313,0.014,True,0.0
2024-08-01,1.0,0.322,0.017,True,0.0
2024-09-01,1.0,0.345,0.103,True,0.0
2024-10-01,1.0,0.339,0.09,True,0.0
2024-11-01,1.0,0.332,0.213,True,0.0
2024-12-01,1.0,0.302,0.119,True,0.0
2025-01-01,1.0,0.221,0.073,True,0.0
2025-02-01,0.0,0.219,0.072,False,
2025-03-01,1.0,0.214,0.042,True,0.0
2025-04-01,1.0,0.266,0.023,True,0.0
2025-05-01,1.0,0.277,0.029,True,0.0
2025-06-01,1.0,0.278,0.098,True,0.0
2025-07-01,1.0,0.269,0.056,True,0.0
2025-08-01,1.0,0.262,0.064,True,0.0
2025-09-01,1.0,0.257,0.061,True,0.0
2025-10-01,1.0,0.265,0.051,True,0.0
2025-11-01,1.0,0.262,0.084,True,0.0
2025-12-01,0.0,0.269,0.163,False,
2026-01-01,0.0,0.369,0.159,False,
2026-02-01,0.0,0.365,0.178,False,
2026-03-01,0.0,0.37,0.096,False,
2026-04-01,0.0,0.321,0.452,False,
2026-05-01,0.0,0.324,0.175,False,
2026-06-01,0.0,0.314,0.53,False,
