date,INDPRO_YOY,NONREV_GROWTH_YOY,M2_GROWTH_YOY,HOUSING_MOMENTUM_INFLECTION,PCE_YOY,CREDIT_GROWTH_YOY,CONSUMER_DIVERGENCE,REAL_FED_FUNDS_ACCEL,INDPRO_ACCELERATION,YIELD_WARNING,TCU_CHANGE,SENTIMENT_YOY,BUS_LOAN_YOY,MONETARY_VELOCITY,YIELD_INVERSION,CREDIT_ACCELERATION,CFNAI_MA3,SPREAD_10Y2Y,target_recession_12m,filter_target,PPI_YOY,SPREAD_INVERSION_MAGNITUDE,CREDIT_CRUNCH_INTERACTION,INCOME_YOY,PAYROLL_YOY,FED_FUNDS_CHANGE,TCU_PEAK_DISTANCE,CPI_YOY,OVERTIME_YOY,OIL_YOY,PERMIT_YOY,LIQUIDITY_PRESSURE,SPREAD_10Y3M,PAYROLL_ACCELERATION,POLICY_OVERTIGHTENING,MANUF_YOY,REAL_FED_FUNDS,HOUSING_YOY,outcome
1970-02-01,,,,,,,,,,1,,,,,1,,,,1.0,1.0,,0.006400000000000012,,,,,,,,,,,-0.08000000000000007,,0.0,,,,RECESSION
1970-03-01,,,,,,,,,,1,,,,,0,,,,1.0,1.0,,0.0,,,,,,,,,,,0.11000000000000032,,0.0,,,,RECESSION
1973-07-01,0.08836339804158211,0.1541379939783114,0.11137788448712826,-0.09624553968228622,0.052921512312255725,0.1554645664531218,-0.1987705499273874,1.3883571403746569,-0.006629290494974072,1,-0.5763999999999925,-0.13092550790067714,0.23481180797497214,0.44885287448312694,1,0.002000897762326481,0.26999999999999996,,1.0,1.0,0.1460957178841309,0.08410000000000002,-0.04508472427140532,0.06784504202671027,0.04242251687952492,4.03,-0.5763999999999925,0.05995203836930463,0.11764705882352944,0.0,-0.06046724690792482,3.918622115512872,-0.29000000000000004,-0.003366033241115618,1.0,0.09736764191316993,8.430047961630695,-0.08296362023070103,RECESSION
1973-08-01,0.09345697095887773,0.15820674663551104,0.10138248847926268,0.01608352478741293,0.052967393854093325,0.15919565574550143,-0.1954827648997125,3.275595780250188,0.010907764948420606,1,-0.5696999999999974,-0.13092550790067714,0.24580511815286443,0.5930875576036867,1,0.005306278672794651,0.4166666666666667,,1.0,1.0,0.12250000000000005,0.7743999999999999,-0.14009217705604124,0.06455725699903536,0.04346823318726334,5.8500000000000005,-0.5696999999999974,0.05741626794258381,0.11764705882352944,0.0,-0.1712984054669704,5.748617511520738,-0.8799999999999999,-0.0015414713041392858,1.0,0.10254781014331593,10.342583732057417,-0.05728241563055059,RECESSION
1973-09-01,0.07695742496239166,0.1583349020267517,0.0911929231169506,-0.1592200017314308,0.062029283809702074,0.1597285279115257,-0.2953307162675918,2.6413027813475303,-0.012818402197802836,1,-0.992999999999995,-0.24369747899159666,0.25442609732850907,0.518887732535449,1,0.004549934259886257,0.13,,1.0,1.0,0.1845386533665836,1.612899999999999,-0.20285523044763756,0.051633237275995114,0.040827612252330114,5.69,-0.992999999999995,0.07398568019093088,0.08823529411764719,0.21067415730337058,-0.20061864781263805,5.59880707688305,-1.2699999999999996,-0.0024423383390757003,1.0,0.08502069463852124,10.426014319809068,-0.1389588581024349,RECESSION
1973-10-01,0.07697118436887052,0.15317085362180904,0.07837594757805477,-0.1616957912969088,0.06147254691938708,0.15441739001424382,-0.297592702682667,2.2763178340937706,-0.011392213672711593,1,-0.5914999999999964,-0.24369747899159666,0.24850225351180777,0.46320185018630367,1,-0.0010471764388779725,0.27,,1.0,1.0,0.1616915422885572,1.4399999999999984,-0.18530086801709247,0.05389522369107036,0.040558009264246575,5.909999999999999,-0.5914999999999964,0.07363420427553447,0.05555555555555558,0.21067415730337058,-0.28792310906811536,5.831624052421945,-1.1999999999999993,-0.0018645076152783435,1.0,0.08614210480512874,10.706365795724466,-0.24465941152760984,RECESSION
1973-11-01,0.07245949650755334,0.1534559239587594,0.07078408946498915,-0.26786848980204503,0.0662883193003676,0.1556545250754462,-0.28281803590709553,-0.41315245243656307,-0.020997474451324383,1,-0.14220000000000255,-0.24369747899159666,0.23300343634093212,0.3510890837463462,1,-0.003541130670055237,0.46,,1.0,1.0,0.1546134663341645,0.18489999999999976,-0.06693144578244181,0.03912055691549887,0.039277392398960886,4.96,-0.14220000000000255,0.08056872037914697,0.0277777777777779,0.21067415730337058,-0.4005947323704333,4.889215910535011,-0.4299999999999997,-0.004190840788302452,1.0,0.08126768651887728,9.929431279620854,-0.3251509054325956,RECESSION
1973-12-01,0.06474425959662278,0.1502699518855195,0.06927824663055793,-0.14893870488806493,0.07184267891099672,0.15360734774111573,-0.18756775650820345,-0.4785614896203896,-0.012213165365768885,1,-0.030400000000000205,-0.1565600882028666,0.2154052622499718,0.34431288575387287,1,-0.006121180170409968,0.86,,1.0,1.0,0.15384615384615397,1.2099999999999993,-0.16896808251522724,0.031007668305336855,0.03930748402758333,4.97,-0.030400000000000205,0.08254716981132071,0.027027027027026973,0.21067415730337058,-0.3724261414503134,4.900721753369442,-1.0999999999999996,-0.0015201282247467862,1.0,0.07480016007716528,9.947452830188679,-0.28789756299049984,RECESSION
1974-01-01,0.04998776770995539,0.1398778750264813,0.06630936058830872,-0.11037017427120677,0.07720758206195111,0.14379529102690847,-0.1810590114135242,-0.8457775604303492,-0.026983416658915127,1,-0.5653999999999968,-0.1565600882028666,0.21111973393294092,0.30634924591798623,1,-0.010622098987335349,0.5066666666666667,,1.0,1.0,0.15328467153284664,0.5041,-0.10209465662910501,0.024498923210657608,0.036708827124408705,4.619999999999999,-0.5653999999999968,0.0894117647058823,-0.027027027027027084,0.21067415730337058,-0.4675485737908227,4.55369063941169,-0.71,-0.00384918213983787,1.0,0.05980787422287204,9.860588235294117,-0.3550295857988166,RECESSION
1974-02-01,0.03558222046675685,0.12551680183218705,0.06096507466370493,-0.09000427393056443,0.08425904586310207,0.1300560732360918,-0.17636918574689897,-0.37545001498385133,-0.03687727604079649,1,-1.4188000000000045,-0.1565600882028666,0.2038873524427034,0.2261804270023453,1,-0.025598451839354386,0.06666666666666664,,1.0,1.0,0.17788461538461542,0.608399999999999,-0.10144373712415153,0.019809097544032372,0.03283653146779164,3.71,-1.4188000000000045,0.09601873536299754,-0.07894736842105254,1.839887640449438,-0.41391457507705853,3.649034925336295,-0.7799999999999994,-0.0064408609311692455,1.0,0.04305358917974522,9.553981264637002,-0.41515517936316004,RECESSION
1974-03-01,0.01775183684065662,0.11778690322754182,0.06154035130819313,0.05329730086730189,0.09115502774084083,0.12187241826034145,-0.2554050153238233,-1.0774528301886779,-0.04699242275596616,1,-1.9254999999999995,-0.24542124542124555,0.1702698114963035,0.14708143962658163,1,-0.03173492948077428,-0.29333333333333333,,1.0,1.0,0.179245283018868,0.025600000000000046,-0.01949958692165465,0.009983769902577766,0.029468255847606928,2.3900000000000006,-1.9558999999999997,0.09999999999999987,-0.1282051282051282,1.839887640449438,-0.3890386343216532,2.3284596486918074,-0.16000000000000014,-0.0098392281799764,1.0,0.022398718943523743,8.870000000000001,-0.23460026212319796,RECESSION
1974-04-01,0.01729579796217373,0.10792910802146527,0.06721452226174418,0.012534871211078769,0.09602076124567493,0.11183467623918575,-0.24760476573967882,-0.6119707237733802,-0.03269196974778166,1,-2.1718999999999937,-0.24542124542124555,0.16459433655082578,0.15190482031154184,1,-0.03196061478772272,-0.13333333333333333,,1.0,1.0,0.1658986175115209,0.5625,-0.08387600717938931,0.002183520318433274,0.026375124534633754,2.26,-2.202299999999994,0.10138248847926268,-0.07894736842105254,1.839887640449438,-0.3016488845780795,2.192785477738256,-0.75,-0.010333702589774951,1.0,0.01996226089315889,9.248617511520736,-0.34249471458773784,RECESSION
1974-05-01,0.015824833608505617,0.10294994215604736,0.06490179333902635,0.18626842312515624,0.0956297735797893,0.10719494035935262,-0.24507010698039944,0.855332236507163,-0.019757386858251236,1,-2.6601,-0.24542124542124555,0.18610316380665393,0.2200170794192993,1,-0.022861132876739187,-0.17999999999999997,,1.0,1.0,0.16972477064220182,0.6724000000000004,-0.08789985109466918,-0.00035113844084611046,0.025204368582826486,3.3899999999999997,-2.6905,0.10068649885583514,-0.275,1.839887640449438,-0.3427672955974843,3.3250982066609733,-0.8200000000000003,-0.007632162884965155,1.0,0.017121316545500864,10.409313501144165,-0.2288867562380038,RECESSION
1974-06-01,0.016943721922706434,0.09419739277208983,0.05781325592646347,-0.13609700177794948,0.10100737542723515,0.09960228027100726,-0.059843596436102264,2.332938496583143,-0.0008081149179501868,1,-2.204499999999996,-0.06363636363636371,0.1844752707115418,0.20061199806482827,1,-0.022270137989334193,0.07000000000000002,,1.0,1.0,0.16404494382022472,0.4225000000000005,-0.06474148217615476,-0.0037927672002614488,0.024801690846466995,3.4700000000000006,-2.234899999999996,0.1070615034168565,-0.10526315789473684,1.839887640449438,-0.4106680476437079,3.412186744073537,-0.6500000000000004,-0.004666565001139933,1.0,0.017317738045289133,11.202938496583144,-0.37069726390114743,RECESSION
1974-07-01,0.013783372404368555,0.0853472027055151,0.05352856457033117,0.07447342769852638,0.10405580646603774,0.09121873629483734,-0.056362395844497315,2.5727852034113905,-0.0035124255578051766,1,-2.5732,-0.06363636363636371,0.17849337692011757,0.1841382621219392,1,-0.020615939944348405,-0.05333333333333331,,1.0,1.0,0.1428571428571428,0.12960000000000024,-0.03283874506614147,-0.007273967791866398,0.02233147346105313,3.4399999999999995,-2.6036,0.10859728506787314,-0.13157894736842102,1.839887640449438,-0.47050219405168214,3.3864714354296686,-0.3600000000000003,-0.004043651073580623,1.0,0.01766718583289384,11.821402714932127,-0.26802128688921145,RECESSION
1974-09-01,0.002986570410559164,0.07355888103062513,0.05400572246065827,-0.07250117588432303,0.10699026560366476,0.08132465590543636,-0.10055636457861628,0.6981726145279676,-0.01395715151214727,1,-3.6958999999999946,-0.10555555555555551,0.17912406108506418,0.08154864091559397,1,-0.0182776243655709,-0.43,,1.0,1.0,0.1768421052631579,0.8464000000000031,-0.07481868343300159,-0.004999190976939238,0.0188031308314327,1.5099999999999998,-3.726299999999995,0.10888888888888881,-0.08108108108108114,1.3457076566125292,-0.4930901050304035,1.4559942775393415,-0.9200000000000017,-0.005998560015034293,1.0,0.0061650711260190505,11.901111111111112,-0.44319843978547047,RECESSION
1974-10-01,-0.004968941366931823,0.06854025377617456,0.057905397354938604,-0.1183180941139903,0.11407010924406613,0.077000030915235,-0.09363732901305599,-0.6008717414808,-0.018752313771300377,1,-3.876800000000003,-0.10555555555555551,0.18603326296822975,0.03242702251876565,1,-0.014218705379602348,-0.62,,1.0,1.0,0.19700214132762306,0.000400000000000054,-0.001540000618304804,-0.011918226542499522,0.01726279828148458,0.5600000000000005,-3.907200000000003,0.11946902654867242,-0.1578947368421052,1.3457076566125292,-0.5070422535211268,0.5020946026450619,-0.02000000000000135,-0.005068675179568549,1.0,-0.001061029854515061,11.220530973451327,-0.38633938100320175,RECESSION
1974-12-01,-0.052708374497614896,0.04345440416592572,0.05854635410531284,0.038326049994287126,0.11497187364777162,0.0525378640612586,-0.196842993933381,-2.573115468409588,-0.05569494490817406,1,-6.680999999999997,-0.2222222222222222,0.19051078779981645,-0.03395688538108145,0,-0.02878679184417776,-1.4833333333333334,,1.0,1.0,0.2344086021505376,0.0,0.011032951452864304,-0.025379228288841205,0.004427618069815287,-0.5800000000000001,-7.246399999999994,0.12200435729847503,-0.26315789473684215,1.5893271461716938,-0.4415121255349501,-0.6385463541053129,0.20999999999999996,-0.014375512761617415,0.0,-0.05448600138434734,9.327995642701524,-0.40487238979118334,RECESSION
1978-12-01,0.06550238158597743,0.16184307095412165,0.07667934093789608,0.037346418285315375,0.07546741842454874,0.16986820606531028,-0.15034635450045897,1.709850060714853,0.010945591860184845,1,0.0,-0.11137440758293848,0.16195204782504358,0.24920785804816226,0,-0.008574952676150938,0.5933333333333335,-0.6099999999999994,0.0,0.0,0.0957446808510638,0.0,0.028877595031102734,0.038971946917520484,0.050111080750359305,3.25,0.0,0.08870967741935476,0.05714285714285716,0.0,0.013551665725578754,3.173320659062104,0.16999999999999993,-0.002949406760925699,0.0,0.0738732402355049,9.671290322580646,0.025465230166503483,NO RECESSION
1979-01-01,0.06890239256716546,0.1669814205718647,0.07533060453400497,-0.05652639027220252,0.07526361613620969,0.17476672601258736,-0.2571056764836529,1.5749410708066787,0.016014185261121527,1,0.0,-0.21682464454976313,0.15908937674604018,0.26139719773299724,1,-0.004001475122642928,0.6733333333333335,-0.7100000000000009,0.0,0.0,0.09818731117824764,0.00490000000000004,-0.012233670820881165,0.040281031933889766,0.050479800971448885,3.4699999999999998,0.0,0.08988764044943842,0.05882352941176472,0.0,0.036488027366020415,3.3946693954659946,-0.07000000000000028,0.0015285008708885162,1.0,0.0692646616743764,9.940112359550561,-0.04575163398692805,NO RECESSION
1979-02-01,0.07899373224851147,0.17036068606228305,0.07181370633742268,-0.02134967772242735,0.07703404500865552,0.1793911388306495,-0.1860143777012193,1.1067817270448845,0.019705202867746685,1,-0.6987999999999914,-0.1385902031063322,0.1566086859620508,0.24201219035711444,1,0.009484354735517453,0.2966666666666668,-0.7599999999999998,1.0,1.0,0.10479041916167664,0.0625,-0.044847784707662375,0.047424174594887125,0.04981440764120393,3.37,-0.6987999999999914,0.09250398724082931,0.05882352941176472,0.0,-0.16034482758620694,3.298186293662577,-0.25,0.0002201355648316916,1.0,0.07848580154063556,9.977496012759172,-0.051222351571594826,RECESSION
1979-03-01,0.07838783978180786,0.1698662506973645,0.07180644157460714,-0.15089676066132507,0.07776253230798691,0.1798228194821352,-0.17023585686451692,0.29029697900665674,0.012885458195830424,1,-0.5154999999999887,-0.12336892052194537,0.1598866160307051,0.23552512836471143,1,0.009954613416824909,0.09666666666666683,-0.620000000000001,1.0,1.0,0.10962962962962974,0.04840000000000028,-0.03956102028606986,0.04686693634257155,0.048347224184206894,3.2800000000000002,-0.5154999999999887,0.09841269841269851,0.0,0.06734006734006726,-0.14055299539170507,3.208193558425393,-0.22000000000000064,-0.0017638565661524108,1.0,0.07764327059106702,9.961587301587302,-0.12543153049482159,RECESSION
1979-04-01,0.06156058458180791,0.1634453349041194,0.07398808141784707,-0.04529167309968607,0.07919599264472765,0.17367513495475007,-0.17608163047663505,0.047363981143444533,-0.007341807985357551,1,-0.4613999999999976,-0.13197969543147203,0.16051764512012334,0.24416066867889533,1,-0.0010915910578372934,0.2633333333333335,-0.6699999999999999,1.0,1.0,0.11306901615271658,0.12960000000000088,-0.06252304858371023,0.04410193504516302,0.04702784928621573,3.3,-0.4613999999999976,0.10252365930599372,-0.02777777777777779,0.06734006734006726,-0.0439132851584213,3.2260119185821527,-0.3600000000000012,-0.0034519516852331567,1.0,0.06429534215271437,9.987476340694005,-0.09104330708661412,RECESSION
1979-05-01,0.027962479458462974,0.16014393754139733,0.07828962547104501,-0.1531472433305444,0.0822504011830969,0.1707463546143977,-0.22104703519629632,-0.07234734296261536,-0.0510312527900485,1,-1.7170999999999879,-0.19117647058823528,0.16941638605719223,0.24426363146966043,1,-0.00864478421625181,-0.08333333333333319,-0.5999999999999996,1.0,1.0,0.11449275362318856,0.07840000000000064,-0.047808979292031546,0.029870564608061034,0.03777767461293835,3.12,-1.7170999999999879,0.10485133020344284,-0.2571428571428571,0.06734006734006726,-0.18018480492813138,3.041710374528955,-0.28000000000000114,-0.012036733028265578,1.0,0.029472218684257978,9.905148669796557,-0.20436959490213924,RECESSION
1979-06-01,0.03246706729812554,0.15319212684699357,0.07607783288821057,0.02952791603699023,0.08569732566858268,0.16443953315046445,-0.2036580329343547,0.17143595422665037,-0.045920772483682315,1,-1.1654999999999944,-0.17852834740651402,0.17393063990326696,0.21910415871804645,1,-0.015383286331670742,0.2633333333333335,-0.5299999999999994,1.0,1.0,0.1151079136690647,0.1295999999999996,-0.05919823193416711,0.025129685527840673,0.03791513021766524,2.88,-1.1654999999999944,0.10697674418604652,-0.02857142857142858,0.21885521885521908,-0.04643261608154026,2.8039221671117893,-0.35999999999999943,-0.010432093966541656,1.0,0.039092752685728316,10.133023255813953,-0.09590361445783135,RECESSION
1979-07-01,0.026026045816437637,0.1399025196012098,0.07925673113386433,0.015197896458594817,0.08756246702051707,0.151076301898448,-0.1983654177171943,0.19175442853676294,-0.03553453876537027,1,-1.362099999999998,-0.1775,0.17901527636760828,0.21320060675009503,1,-0.02259883305630206,-0.09333333333333317,-0.3100000000000005,1.0,1.0,0.11428571428571432,0.022500000000000107,-0.022661445284767254,0.0208654177171943,0.0363197239792985,2.6899999999999995,-1.362099999999998,0.11076923076923073,-0.05555555555555558,0.28619528619528634,-0.17297024710035303,2.610743268866135,-0.15000000000000036,-0.010708125306917227,1.0,0.03264778480051711,10.179230769230768,-0.0758454106280193,RECESSION
1979-08-01,0.02515512956484578,0.13988294436787974,0.08352212656698388,0.045669786106728116,0.08989596517766185,0.14952777567909536,-0.2899669254626829,0.45034751340955026,-0.0028073498936171948,1,-1.7110999999999876,-0.266990291262136,0.18405195163416366,0.2221688566681772,1,-0.021218578935302324,0.3300000000000001,-0.19000000000000128,1.0,1.0,0.125,0.08410000000000054,-0.0433630549469378,0.022976634200546853,0.0345511673776433,2.660000000000001,-1.7110999999999876,0.11450381679389321,-0.05714285714285716,0.46464646464646475,-0.14109742441209405,2.576477873433017,-0.2900000000000009,-0.003226507235295051,1.0,0.03410908917248623,10.355496183206107,-0.15869980879541112,RECESSION
1979-09-01,0.01423960209514874,0.1365500312086485,0.08481439820022496,-0.013314822415916194,0.09269895874927059,0.14675691945623615,-0.19728303786707357,0.6886155909235274,-0.0182274652029768,1,-2.466799999999992,-0.17729591836734704,0.18515709466930397,0.2459617547806524,1,-0.0176826136942283,-0.21333333333333324,-0.4300000000000015,1.0,1.0,0.1306818181818179,0.2401000000000002,-0.07191089053355575,0.019987119499726536,0.03220054181955345,2.9000000000000004,-2.466799999999992,0.11836115326251884,-0.08571428571428563,0.7845117845117846,-0.05913660555884093,2.8151856017997754,-0.4900000000000002,-0.005714588398111786,1.0,0.014802454051300096,10.82163884673748,-0.10921843687374755,RECESSION
1979-10-01,0.011504803987860246,0.13735156719827768,0.08110921121106252,0.005794649206699476,0.09611508154663762,0.14609499201531295,-0.18898465841265033,1.1319722382880286,-0.014521241828577391,1,-2.6695999999999884,-0.17039800995024879,0.19034616320703024,0.24170544940896632,1,-0.004981309883135054,-0.21999999999999986,-0.7300000000000004,1.0,1.0,0.1394366197183099,0.8648999999999994,-0.135868342574241,0.018586648462401545,0.030883007498202497,2.9800000000000004,-2.6695999999999884,0.11879699248120312,-0.10810810810810823,0.9191919191919193,-0.06453455168475153,2.898890788788938,-0.9299999999999997,-0.0054367164810960045,1.0,0.010623676603859433,11.311203007518797,-0.07005076142131983,RECESSION
1979-11-01,0.01126699560440847,0.14036070342656304,0.07985803016858917,0.007261141455683684,0.09632457655364668,0.148718047227544,-0.2317967660258453,3.293788466570346,-0.01388813396043731,1,-2.2419999999999902,-0.21689785624211844,0.18557784075468087,0.3841171251109138,1,-0.0008097284515513614,-0.16666666666666652,-1.1899999999999995,1.0,1.0,0.14345403899721454,1.959999999999996,-0.20820526611856138,0.014898909783726877,0.02870753558597472,4.809999999999999,-2.2419999999999902,0.12071535022354718,-0.1351351351351351,0.9528619528619529,-0.16844469399213924,4.7301419698314096,-1.3999999999999986,-0.00584363179166858,1.0,0.009405752652166255,13.649284649776453,-0.15143866733972744,RECESSION
1979-12-01,0.0019689688953252737,0.13498752296950234,0.07850206003531501,-0.16298786685118083,0.0977101536607412,0.1442182180700835,-0.17239453697546347,2.232435227336593,-0.012270633199823466,1,-2.5471000000000004,-0.15600000000000003,0.17570360745391778,0.2684770453207773,1,-0.002538701386152642,-0.1233333333333332,-1.1600000000000001,1.0,1.0,0.14563106796116498,1.2995999999999972,-0.16440876859989503,0.016394536975463447,0.0246857711757984,3.42,-2.5471000000000004,0.125925925925926,-0.16216216216216217,1.0875420875420878,-0.28913649025069643,3.341497939964685,-1.1399999999999988,-0.007514770643755053,1.0,-0.00376070904154735,13.054074074074073,-0.2722063037249284,RECESSION
1980-01-01,-0.0023348552274172762,0.13280333204523354,0.0789107678793648,-0.197072526249913,0.10178437546858587,0.13880648763629466,-0.0903762529775265,2.3362491279745754,-0.013839659215277522,1,-2.196399999999997,-0.07715582450832059,0.1790861888876807,0.295915379547618,1,-0.00728850437901829,-0.1599999999999999,-1.0,1.0,1.0,0.1471801925722147,2.7224999999999953,-0.229030704599886,0.013220428469205903,0.02256656629563225,3.75,-2.6577999999999946,0.13254786450662737,-0.13888888888888884,1.1885521885521886,-0.3102310231023102,3.671089232120635,-1.6499999999999986,-0.008316441202570246,1.0,-0.007508984975735822,13.647452135493372,-0.26712328767123283,RECESSION
1980-02-01,0.008524477122790364,0.12262193873902794,0.08100029163021305,-0.02586194615720505,0.10497961127481625,0.13092031447637376,-0.08202476021359528,0.0320292188366853,-0.002742518481618106,1,-1.9033000000000015,-0.07073509015256585,0.1755656769145426,0.30375109361329894,1,-0.017797732751170248,-0.11999999999999988,-0.6999999999999993,1.0,1.0,0.15447154471544722,1.4399999999999984,-0.15710437737164842,0.011289670061029433,0.022430411674623896,3.75,-2.364699999999999,0.13868613138686126,-0.16666666666666674,1.1885521885521886,-0.12388774811772763,3.668999708369787,-1.1999999999999993,-0.006277123911350824,1.0,0.00480750943539765,13.681313868613138,-0.1773006134969325,RECESSION
1980-03-01,0.003986490654493968,0.11658016040466657,0.08470639471583086,0.16036419846177052,0.11102558029369969,0.12609075458327257,-0.0974468265989491,0.9343074288161013,0.0020175217591686945,1,-2.0379999999999967,-0.09472259810554806,0.17138380640045003,0.3447550264934316,1,-0.018127463486810935,-0.19333333333333322,-1.0099999999999998,1.0,1.0,0.1602136181575433,0.20249999999999935,-0.05674083956247256,0.0027242284934010375,0.020526640839930277,4.07,-2.4993999999999943,0.14161849710982644,-0.16666666666666674,1.3343848580441642,-0.1963806970509383,3.9852936052841694,-0.4499999999999993,-0.004159130335868122,1.0,0.0003961522657591754,13.988381502890174,-0.11184210526315785,RECESSION
1980-04-01,-0.0033548149087514467,0.10365133922610936,0.08070908697845347,-0.16601152553937892,0.11595182138660398,0.11299270613303114,-0.1683861626384875,3.396625117725515,-0.0010199596813341705,1,-1.8295999999999992,-0.17397660818713456,0.1673748342532857,0.5730345175470197,1,-0.025813781503263522,-0.5266666666666665,-2.130000000000001,1.0,1.0,0.15435356200527717,6.002499999999997,-0.2768321300259262,-0.005590445548647072,0.016931347019971232,7.100000000000001,-2.9950999999999937,0.14592274678111572,-0.1428571428571429,1.3974763406940065,-0.4255813953488372,7.019290913021548,-2.4499999999999993,-0.005635219275661019,1.0,-0.012641665705628857,17.044077253218887,-0.43313481321061176,RECESSION
1980-05-01,-0.011272032096897422,0.08690123675718353,0.07139291063404896,-0.22144080526736953,0.11019043465619993,0.09454066051904819,-0.20273756278362542,3.7827937801120726,-0.019796509219687786,1,-3.6388000000000034,-0.20151515151515142,0.14517957652262448,0.542586120818772,1,-0.036379653957325564,-1.3233333333333333,-1.0299999999999994,1.0,1.0,0.14174252275682697,2.9928999999999952,-0.16355534269795324,0.0012224112684739996,0.01601485176196915,7.6,-4.804299999999998,0.1458923512747876,0.07692307692307687,1.4921135646687698,-0.4940513462742643,7.52860708936595,-1.7299999999999986,-0.006415559912654745,1.0,-0.016621195864325533,17.46410764872521,-0.398741418764302,RECESSION
1980-11-01,-0.03168999139550932,0.017822591540728627,0.08511366748835925,0.18498560110323936,0.10643413852191697,0.018489136093585046,0.18974162575328024,3.7851770620810257,0.0301864525908484,1,-4.4148,0.20772946859903385,0.0862091192269725,-0.0817091207888248,0,-0.026938076937747635,0.8166666666666668,-0.33999999999999986,1.0,1.0,0.1303288672350793,0.0,0.0024035876921660706,0.01798784284575361,9.94683966799581e-05,-0.9599999999999991,-6.779499999999999,0.12632978723404253,-0.1250000000000001,0.24137931034482762,-0.07765023632680623,-1.0451136674883583,0.13000000000000078,0.004278281702376208,0.0,-0.04157862708970739,12.683670212765957,-0.09399167162403332,RECESSION
1980-12-01,-0.013950855117857652,0.010545333558948489,0.08854628555836008,0.18316460442444693,0.10775944885131628,0.010436462246348643,0.1945270495732776,6.242585160322788,0.03874361372127466,1,-3.255200000000002,0.21169036334913116,0.1087011097316315,0.23641858244082142,1,-0.024587537899458667,0.9266666666666666,-0.8300000000000001,1.0,1.0,0.12832929782082325,1.1025000000000016,-0.010958285358666083,0.01716331377585356,0.0019211023152594375,2.67,-5.619900000000001,0.12631578947368416,-0.06451612903225812,0.16129032258064524,0.08385579937304066,2.58145371444164,-1.0500000000000007,0.004147015936521892,1.0,-0.020596562291240406,15.723684210526315,-0.009186351706036766,RECESSION
1981-01-01,-0.008052089488257752,0.006635181816551539,0.08548748219010793,0.18637149386955532,0.10566428046490128,0.009555490703653913,0.03787778807429909,8.034151110924675,0.028848630881274095,1,-2.899899999999988,0.05737704918032782,0.11551530660214615,0.4376959088133526,1,-0.01611366945922743,0.71,-1.2400000000000002,1.0,1.0,0.12470023980815337,7.022500000000002,-0.025322050364682873,0.01949926110602873,0.0029887947767779366,5.119999999999999,-5.264599999999987,0.12353706111833551,0.0,0.1384615384615384,-0.003987240829346095,5.034512517809891,-2.6500000000000004,0.004250875882095273,1.0,-0.0200021139414438,18.776462938881664,-0.010680907877169576,RECESSION
1981-02-01,-0.019712721273567824,0.0027372397147766847,0.08383354690766831,0.24760837557630777,0.10470315698739352,0.007286154218395069,0.050893706515807935,6.278381069285324,0.011977270121941497,1,-3.4745999999999952,0.06567164179104479,0.10857579968926756,0.44096445673433515,1,-0.011202981875189977,0.24,-0.6899999999999995,1.0,1.0,0.11737089201877926,6.002499999999997,-0.017851077835067914,0.014777935275236853,0.002566079295154289,5.259999999999998,-5.9739999999999895,0.11794871794871797,0.0,0.1692307692307693,-0.046093750000000044,5.17616645309233,-2.4499999999999993,0.0024666108984743307,1.0,-0.029184446458728197,18.96205128205128,0.15361670395227445,RECESSION
1981-03-01,-0.02415421834798981,2.187824389299209e-05,0.08311027837259077,-0.06785068533100025,0.10392794329265032,0.0047832607287514595,-0.016575436244566033,0.09239173884077267,-0.010203363230132156,1,-3.5164000000000044,0.0,0.09606749812985549,0.1495985010706633,1,-0.005653201517597184,-0.12000000000000001,-0.7300000000000004,1.0,1.0,0.1058688147295741,2.5599999999999987,-0.007653217166002334,0.016575436244566033,0.002442701055202834,1.799999999999999,-6.511499999999998,0.11392405063291133,-0.033333333333333326,0.027027027027026973,0.0,1.7168897216274082,-1.5999999999999996,0.0005215987399433963,1.0,-0.03258957815959029,15.816075949367088,-0.07703703703703701,RECESSION
1981-04-01,-0.015180258338153063,0.006496688692092301,0.09121824364872966,0.2580543558236835,0.09813883697054249,0.011570914302545976,0.15177762448758636,-4.18258029219003,-0.007128168849895311,1,-1.498199999999997,0.17699115044247793,0.08642103720864003,-0.22713342668533704,1,0.0020154235988920632,-0.26666666666666666,-0.45000000000000107,1.0,1.0,0.10857142857142854,0.0576000000000001,-0.0027770194326110368,0.02521352595489157,0.002373782886783804,-2.490000000000002,-6.302499999999995,0.10611735330836458,-0.033333333333333326,0.0,0.19736842105263164,-2.5812182436487316,-0.2400000000000002,-0.0006150118899941326,1.0,-0.021493524972073796,14.593882646691634,0.24737344794651395,RECESSION
1981-05-01,0.0003599549171218186,0.015741481008950453,0.10451338037544944,0.14038900489644113,0.09721094670682184,0.022334032599706566,0.3492760606314853,-3.343410985388733,0.020072676190689642,1,-1.5905000000000058,0.3738140417457305,0.09600972877662839,-0.1975302889095993,1,0.015047878381311497,-0.19000000000000003,-0.47000000000000064,1.0,1.0,0.11617312072892938,9.999999999999574e-05,-0.0002233403259970609,0.02453798111424521,0.004777157701240542,-1.8899999999999988,-6.855099999999993,0.10135970333745359,-0.03571428571428559,-0.03797468354430378,0.47277227722772275,-1.9945133803754482,-0.009999999999999787,0.002211078406086253,1.0,0.004769992646532328,15.618640296662548,0.2940057088487156,RECESSION
1981-06-01,0.031468672487850124,0.029878058133917307,0.10043639248875946,0.3068104998202086,0.0936281898030249,0.036106287509909185,0.44502434936307345,2.6060048339866437,0.05562289083583993,1,-1.335800000000006,0.47582205029013536,0.1257530957515396,0.7572903993652462,1,0.031323026781157726,-0.06,-1.3600000000000012,1.0,1.0,0.11325028312570784,4.840000000000004,-0.07943383252180025,0.03079770092706191,0.009688122096881191,7.539999999999999,-6.600399999999993,0.0979192166462668,0.19999999999999996,-0.03797468354430378,0.362369337979094,7.439563607511239,-2.200000000000001,0.007245421041678357,1.0,0.04173280704621729,18.42208078335373,0.22977346278317157,RECESSION
1981-07-01,0.05029602722878468,0.037856346618331926,0.09233586188856924,-0.3736276285485206,0.09110393802453198,0.04628393626526184,0.21132714362949345,4.40914765633867,0.06547628556693774,1,-1.133100000000013,0.24531516183986346,0.14330795456208212,0.8891943499869218,1,0.03471302196271586,-0.12333333333333334,-1.0399999999999991,1.0,1.0,0.11048478015783547,1.5875999999999995,-0.058317759694229906,0.03398801821037001,0.01541603311838946,9.63,-6.3977,0.09696969696969693,0.20833333333333326,-0.08860759493670889,-0.12701252236135963,9.537664138111431,-1.2599999999999998,0.013042250231605657,1.0,0.05377988688220481,19.003030303030304,-0.12625418060200666,RECESSION
1981-08-01,0.06466970757490653,0.04304580005116376,0.08825622775800723,-0.47367473958157613,0.0892225695690052,0.05072835595745051,0.1476505257174996,3.31361151931808,0.06430975265778471,1,-0.8118000000000052,0.189406099518459,0.15204838742712856,0.8834448398576524,1,0.028394323357743945,-0.09000000000000001,-1.0700000000000003,1.0,1.0,0.09634551495016619,0.4488999999999999,-0.03398799849149184,0.0417555738009594,0.019601513802315118,10.01,-6.0763999999999925,0.10774818401937059,0.15384615384615374,-0.08860759493670889,-0.25734710087370927,9.921743772241992,-0.6699999999999999,0.014824356101074576,1.0,0.0680659483820183,18.932251815980628,-0.17966903073286056,RECESSION
1981-09-01,0.060018910376710144,0.043404931363662635,0.08504642971501752,-0.57517736250462,0.08698635358694817,0.050665090357388864,0.10358735178380929,-0.7102538602768078,0.02855023788886002,1,-1.1132000000000062,0.1471025260029719,0.1546544490959143,0.6982311879602939,1,0.01455880284747968,-0.22666666666666668,-1.3400000000000016,1.0,1.0,0.08196721311475419,0.3249000000000003,-0.028879101503711667,0.04351517421916262,0.016270990799009954,8.21,-6.3777999999999935,0.10817307692307687,0.07407407407407396,-0.052631578947368474,-0.34967081199707384,8.124953570284983,-0.5700000000000003,0.0065828687021287635,1.0,0.05992696793535868,17.711826923076924,-0.34540389972144847,RECESSION
1989-07-01,0.008371301845179868,0.06537476786798924,0.03048656005444017,0.0169977776757102,0.04705366602126193,0.08418231914031127,-0.07533355398093888,-0.3227678766276263,-0.012775746393031806,1,-1.3700999999999937,-0.043294614572333745,0.05983244233647622,0.061582851309969135,0,-0.0004716531948296687,-0.2299999999999999,-0.13000000000000078,0.0,0.0,0.05317164179104483,0.0,0.01094370148824038,0.03203893940860514,0.025644190418320223,2.0199999999999996,-1.3700999999999937,0.051694915254237195,-0.05128205128205121,0.21022383545069556,-0.10976430976430973,1.9895134399455594,0.129999999999999,-0.004330256652663289,0.0,0.00950048141995552,9.478305084745763,-0.05480378890392423,NO RECESSION
1989-08-01,-0.00150328322933313,0.06389579293249548,0.035728827361563686,0.1214938002444973,0.04448120410092349,0.08399101583155111,-0.04582111131684674,-0.6002916144640782,-0.01660872723462048,1,-2.3558999999999912,-0.014989293361884481,0.06245237535921078,0.0532359527687299,0,0.0006264266565629839,-0.5466666666666665,0.1999999999999993,1.0,1.0,0.04541241890639469,0.0,0.011758742216417128,0.03083181795496226,0.023865466603505414,1.4900000000000002,-2.3558999999999912,0.05063291139240511,0.0,0.26751838946960893,-0.108408617095205,1.4542711726384365,0.13999999999999968,-0.005342416373999015,0.0,-0.002372413602299117,9.189367088607595,-0.02726653033401505,RECESSION
1989-09-01,0.0032497957712054326,0.05744759996881621,0.041495884285762674,-0.044500891563868605,0.04152242863615774,0.07947067558331633,-0.11044098774787003,-0.8134525299481492,-0.00812386847403479,1,-1.7309999999999945,-0.0800821355236141,0.06852606276218842,0.04066596660004744,0,-0.003946261506027948,-0.1266666666666665,-0.030000000000001137,1.0,1.0,0.03703703703703698,0.0,0.016688841872496356,0.03035885222425594,0.02314665859151721,0.9800000000000004,-1.7309999999999945,0.04621848739495804,0.0,0.1931203298119042,-0.08630136986301373,0.9385041157142378,0.20999999999999908,-0.004968278242765578,0.0,0.006095034187443948,8.943781512605042,-0.10783657066309449,RECESSION
1989-12-01,-0.0014564426549978915,0.06589782836323654,0.051437774720665574,-0.031105430611602758,0.03929762886967758,0.08310332782771024,-0.05373827595039393,-0.4403318035443604,-0.004706238426203324,1,-2.411299999999997,-0.022580645161290214,0.06423525450593504,0.01028755494413317,0,0.003632652244393908,-0.26333333333333325,0.07000000000000028,1.0,1.0,0.04062788550323182,0.0,0.014958599008987819,0.03115763078910372,0.020024949116932644,0.20000000000000107,-2.411299999999997,0.046550290939318506,-0.07692307692307687,0.41804392931244183,-0.10875331564986734,0.1485622252793355,0.17999999999999972,-0.0031217094745845664,0.0,-0.00746849708021724,8.503449709060682,-0.13894200127469725,RECESSION
1990-01-01,-0.0005074563869427173,0.06587991361032075,0.05507226980728053,-0.05685472873881425,0.03906808754112445,0.08565773837760138,-0.04205823520842156,-0.5720445587628653,-0.00374788864007769,1,-2.1559999999999917,-0.015233949945593128,0.05448764755138269,-0.01707240364025699,0,0.004221140938580614,-0.09999999999999994,0.05999999999999961,1.0,1.0,0.03669724770642202,0.0,0.017988125059296287,0.02682428526282843,0.018129431794795092,-0.3100000000000005,-2.1559999999999917,0.046396023198011616,-0.07894736842105254,0.2964465756793313,-0.052631578947368474,-0.365072269807281,0.20999999999999996,-0.004094257752713215,0.0,-0.011833142996981794,8.403603976801987,-0.19961612284069097,RECESSION
1998-10-01,0.04848836473856544,0.0721446023319301,0.07413745375846204,-0.0751076752027513,0.006329651656754365,0.07348816081669973,-0.11400209391481964,-0.04803827721551546,-0.01209738755703138,1,-2.566500000000005,-0.048113207547169745,0.09936177618686859,-0.0022241236127538795,0,0.0024874942739854244,0.19666666666666677,0.13999999999999968,0.0,0.0,-0.029019607843137285,0.0,0.014697632163339894,0.06588888636764989,0.025644345539146185,-0.03000000000000025,-2.566500000000005,0.014267990074441794,-0.07843137254901955,-0.24456796361798894,0.05555555555555558,-0.10413745375846228,0.1999999999999993,-0.0008994272591862362,0.0,0.055210463698576184,5.4957320099255575,0.023285899094437346,NO RECESSION
2000-08-01,0.037698485910728996,0.10258473632108123,0.05637341325810974,-0.1704329971523446,0.02668814307732892,0.09205032292095505,-0.03783586820707496,0.5141458362938627,-0.010581782551718488,1,-0.7989000000000033,0.02169811320754711,0.11475407612947652,0.08737879055007008,0,0.014627363081682221,-0.16999999999999993,-0.29000000000000004,1.0,1.0,0.06364359586316626,0.0,0.008284529062885942,0.05953398141462207,0.021681012501738595,1.5499999999999998,-3.1315000000000026,0.03599280143971195,-0.02083333333333326,0.4833084205281515,-0.08323424494649223,1.49362658674189,0.08999999999999986,-0.003895409598654087,0.0,0.046218937207549216,6.504007198560288,-0.12342720191731571,RECESSION
2000-09-01,0.030734226950164922,0.10658672588774487,0.058591004919184675,-0.04258081575093564,0.024754670954149738,0.09871351997953237,-0.03368018307010301,0.2278124346578414,-0.013780463695603151,1,-1.2734999999999985,0.026794258373205704,0.10570230413320325,0.08378513703443406,1,0.02013736878711181,-0.17333333333333326,-0.40000000000000036,1.0,1.0,0.047281323877068626,0.06759999999999988,-0.025665515194678395,0.06047444144330871,0.020544562096749264,1.4299999999999997,-3.606099999999998,0.033512866546977715,-0.061224489795918546,0.4684854186265286,-0.07121484141232792,1.371408995080815,-0.2599999999999998,-0.005011864661419452,1.0,0.03454773242013909,6.466487133453022,-0.06492718446601942,RECESSION
2000-10-01,0.03968806853188922,0.1137297111492086,0.06267644162380992,-0.07828746177370027,0.025480961785462775,0.10452372992969194,-0.06577237740917186,-0.007215560693309975,-0.006054788996552318,1,-1.1531000000000091,-0.003731343283582156,0.10014163879094706,0.08147937411095288,1,0.01648792158019141,-0.09666666666666658,-0.28000000000000025,1.0,1.0,0.05234374999999991,0.04000000000000007,-0.020904745985938406,0.0620410341255897,0.019773292954512245,1.2999999999999998,-3.4857000000000085,0.0345649582836709,-0.061224489795918546,0.4187604690117255,0.012250161186331487,1.23732355837619,-0.20000000000000018,-0.003304702769202583,1.0,0.0448205439198075,6.485435041716329,-0.07828746177370027,RECESSION
2000-11-01,0.023142184859096693,0.11825554447707964,0.0606370702606196,0.08673565962875851,0.025148561265149194,0.11027449659764255,-0.03331098753821338,-0.02851047042227517,-0.014556301051632303,1,-1.7258000000000067,0.025193798449612448,0.10186659290898747,0.07943456204141165,1,0.018224173676687494,-0.17333333333333326,-0.16999999999999993,1.0,1.0,0.060297572435395574,0.13690000000000008,-0.040801563741127755,0.058504785987825825,0.01670021048103365,1.3099999999999996,-4.058400000000006,0.03450327186198687,-0.061224489795918546,0.4611307420494699,-0.043662825955124274,1.24936292973938,-0.3700000000000001,-0.004980802020704944,1.0,0.026535418102060504,6.475496728138013,-0.0366915422885572,RECESSION
2000-12-01,0.018491278756576968,0.12206428313484774,0.05869598213317739,0.0060679611650485965,0.025663277956855968,0.11512893021846327,-0.04822383384836271,0.009071061321324514,-0.012242948193587955,1,-1.9629000000000048,0.003731343283581934,0.08023572656230615,0.06397862052516336,1,0.016415410238930894,-0.17333333333333326,-0.16000000000000014,1.0,1.0,0.05222135619641466,0.20250000000000015,-0.05180801859830849,0.05195517713194464,0.016019499333159493,1.0899999999999999,-4.095699999999994,0.03444180522565321,-0.10204081632653061,0.37765318382058477,-0.03468899521531099,1.0313040178668225,-0.4500000000000002,-0.004525062763589771,1.0,0.01769463056097087,6.475558194774346,-0.05885922330097082,RECESSION
2001-01-01,0.007397718173229428,0.12376432581111252,0.06212411890237335,-0.024757034713419168,0.024847793521432404,0.12139183365206163,-0.11227329669536812,-0.11979523128978808,-0.03229035035865979,1,-2.3581000000000074,-0.06641366223908918,0.08422215986245685,0.06833653079261072,1,0.016868103722369687,-0.3833333333333333,-0.10999999999999943,1.0,1.0,0.06572769953051627,0.2808999999999993,-0.06433767183559258,0.04585963445627894,0.01478020843687644,1.1000000000000005,-4.424900000000008,0.03436018957345954,-0.16326530612244916,0.09125766871165664,-0.083184789067142,1.0378758810976272,-0.5299999999999994,-0.004993084517635804,1.0,0.004807113486708259,6.365639810426541,-0.10304449648711944,RECESSION
2001-02-01,0.003976490637767949,0.12928435555749274,0.06658665695120125,0.014686652313007031,0.027014432367977514,0.12436073474187381,-0.19731965934902385,-0.5327087777540784,-0.019165694221328744,1,-2.9984000000000037,-0.15446428571428572,0.09017057811385887,0.03529092818413668,0,0.014086238144231267,-0.42999999999999994,0.40000000000000036,1.0,1.0,0.09119251753702251,0.0,0.0012436073474187117,0.042855373634738125,0.012914946073230515,0.5300000000000002,-4.640799999999999,0.037212049616065945,-0.1428571428571429,0.08830022075055188,-0.01621308627678053,0.463413343048799,0.009999999999999787,-0.003785264407803135,0.0,0.00119943997215044,5.942787950383934,-0.022004889975550168,RECESSION
2001-03-01,-0.0056684588652845536,0.1275596198553821,0.07185756727296044,-0.00561976345780868,0.02537197196376595,0.12878816451968755,-0.22700390145389826,-1.0208523124214048,-0.02415973762186152,1,-3.7712000000000074,-0.18598382749326148,0.07637299208247206,-0.01724581614551052,0,0.013659234301224288,-0.49999999999999994,0.4399999999999995,1.0,1.0,0.05855161787365182,0.0,0.02833339619433123,0.04102007396063678,0.012721171446003599,-0.2400000000000002,-4.888400000000004,0.03529411764705892,-0.19999999999999996,0.008858603066439485,-0.021276595744680882,-0.31185756727296066,0.21999999999999975,-0.003298327887155894,0.0,-0.006561577548670705,5.4547058823529415,-0.0644789867587795,RECESSION
2006-02-01,0.024194801632455576,0.06878041868520479,0.04642373909392061,0.06354628882613966,0.03246937842213904,0.07770174262016694,-0.0884022516840649,0.513313156777528,0.003985698175426489,1,-0.04889999999998906,-0.04502617801047115,0.13821018545775687,0.09331171557878044,0,0.03170417271756287,0.52,0.019999999999999574,0.0,0.0,0.08880053015241884,0.0,0.013986313671630026,0.04337607367359375,0.019927549875358608,2.0100000000000002,-0.04889999999998906,0.04018789144050117,0.0,0.39859094790777116,0.03412809724170174,1.9635762609060796,0.17999999999999972,0.0032242598104936793,0.0,0.03921902932009114,4.249812108559499,0.060167910447761264,NO RECESSION
2006-03-01,0.017242361205308532,0.058429128587614176,0.04899265265545161,-0.24469916910635825,0.030222353695212645,0.0738929557967738,-0.1266973774695298,0.48700296179169467,-0.011878361975318885,1,-0.14560000000000173,-0.0786397449521784,0.1359315535272383,0.0974953787843487,0,0.02813905218979129,0.3033333333333334,-0.09999999999999964,0.0,0.0,0.06728232189973626,0.0,0.010345013811548374,0.0480576325173514,0.02028804666476236,1.9900000000000002,-0.14560000000000173,0.0363825363825363,0.0,0.28476130915155307,0.012771996215704906,1.9410073473445486,0.14000000000000057,0.0014658313186948213,0.0,0.02674685023240775,4.453617463617464,-0.03987313094698686,NO RECESSION
2006-04-01,0.02091541760329152,0.057931232294188284,0.049685105326838785,0.0798368384105459,0.029136712749615823,0.07459182074559734,-0.0890048839636739,0.42920631640312745,-0.005343656153858678,1,-0.095799999999997,-0.03995680345572339,0.12973864197697949,0.09738280644060401,0,0.02957773366430949,0.27,-0.010000000000000675,0.0,0.0,0.05530253741054003,0.0,0.015664282356575437,0.04904808050795051,0.021659131531910347,1.96,-0.095799999999997,0.03417918177110302,0.0,0.15816608359418138,0.027158098933074637,1.9103148946731612,0.20999999999999996,0.002591047388051493,0.0,0.03100965081236584,4.555820818228897,0.05633047210300424,NO RECESSION
2006-08-01,0.02251836527383766,0.043055648692378545,0.05362790484484581,-0.037884682708075545,0.034273456353752785,0.06462267879422212,-0.15908620767345527,0.44509166767543995,0.0007022226112047836,1,-0.20699999999999363,-0.122279792746114,0.1425855676555985,0.10618325159279472,0,-0.009349371762934267,-0.07666666666666665,-0.03000000000000025,0.0,0.0,0.06717850287907878,0.0,0.009047175031191077,0.03680641492734127,0.016597170513775072,1.9800000000000004,-0.20699999999999363,0.041046690610569536,0.04545454545454519,0.2676320272572401,-0.19972764412165234,1.9263720951551546,0.13999999999999968,-0.0035496239739420954,0.0,0.026893277438254426,5.198953309389431,-0.1543330087633885,NO RECESSION
2006-09-01,0.023669704568583194,0.04319981596498379,0.053172563747776236,-0.17142284687232978,0.03335882588586636,0.0655863284012268,-0.11367774536943331,0.3105070464976123,0.002513039604070011,1,-0.017299999999991655,-0.07968574635241299,0.15703802119658739,0.09305198655860841,1,-0.01256665041224414,-0.023333333333333307,-0.020000000000000462,0.0,0.0,0.06535532994923865,0.006400000000000012,-0.005246906272098149,0.033991999017020325,0.016282285765267357,1.75,-0.017299999999991655,0.03926568077511483,-0.022222222222222143,0.1243650915807295,-0.2239747634069401,1.6968274362522238,-0.08000000000000007,-0.002866634489951947,1.0,0.029532477788349665,5.210734319224885,-0.2124105011933174,NO RECESSION
2006-10-01,0.042159275134967755,0.046155793731067485,0.051828991558500626,-0.07174522758071222,0.020800269321406217,0.06831206047483174,0.06709730428753424,0.28169651881344837,0.022355888883523134,1,-0.32209999999999184,0.1105331599479844,0.15009072557078396,0.08448125624035602,1,0.0024798915849866265,-0.03333333333333331,-0.04999999999999982,0.0,0.0,0.019728729963008673,0.008099999999999975,-0.006148085442734846,0.04343585566045016,0.016900529163446087,1.63,-0.32209999999999184,0.02012072434607637,-0.06666666666666665,-0.0259264907732194,-0.26866990720282813,1.5781710084414993,-0.08999999999999986,-0.0009347501986944895,1.0,0.04276278009905532,5.229879275653923,-0.20037192003719195,NO RECESSION
2006-11-01,0.028481025781383007,0.042606507923655945,0.0538982540638171,-0.12363309293152669,0.0167697016985775,0.0670036144870303,0.21852823137067512,0.03698340582905235,0.005962660507545348,1,-0.5908999999999907,0.2614555256064688,0.1447337234837356,0.07923043347381115,1,0.0023809356928081726,-0.02999999999999997,-0.0699999999999994,0.0,0.0,-0.024067388688327362,0.03609999999999981,-0.012730686752535723,0.04292729423579367,0.016354602238545457,1.4700000000000002,-0.5908999999999907,0.014063284781516971,-0.08695652173913038,-0.055956389289722575,-0.2764976958525346,1.416101745936183,-0.1899999999999995,-0.00024256827522961544,1.0,0.02237323502259847,5.235936715218483,-0.2779661016949152,NO RECESSION
2006-12-01,0.016621660136106442,0.04501334660060108,0.05655646638440981,-0.05633658776802397,0.019246731063020883,0.0687876972227146,0.08733434416940189,0.01957865402095038,-0.007048044432476752,1,-0.8049999999999926,0.12867647058823528,0.14413072061547783,0.07069558298051226,1,0.0032013688214878044,-0.12666666666666662,-0.14000000000000057,0.0,0.0,0.005497861942577842,0.11560000000000051,-0.023387817055723018,0.04134212641883339,0.01528182107750542,1.25,-0.8049999999999926,0.01968702675416467,-0.10869565217391308,0.018353344768439195,-0.3079350766456267,1.1934435336155902,-0.34000000000000075,-0.0010004646877619372,1.0,0.013702678259765788,5.2303129732458356,-0.26874708896134136,NO RECESSION
2007-01-01,0.021707334984272686,0.048876872850816655,0.05860274546161448,0.027352862865677396,0.022867522344251823,0.07236698865799873,-0.041625438182619545,-0.015119053543877214,-0.02045194015069507,1,-0.17279999999999518,0.002185792349726823,0.1413052614675503,0.06329096509854365,1,0.004054928183166995,0.1333333333333334,-0.11000000000000032,1.0,1.0,0.01595092024539868,0.08410000000000002,-0.020986426710819635,0.04381123053234637,0.015463269186661632,1.08,-0.17279999999999518,0.025239777889954462,-0.08695652173913038,0.04374894834258791,-0.22735849056603774,1.0213972545383856,-0.29000000000000004,-0.0014372599767844552,1.0,0.02764270628807708,5.214760222110046,-0.17301905717151456,RECESSION
2007-02-01,0.016646656462990128,0.02851154796004418,0.05754711372688903,-0.10214828457873193,0.02133263102449301,0.03821567273379323,0.02941398791648009,-0.006694366999717261,-0.011834369318392879,1,-0.6260999999999939,0.0625,0.13692133510484683,0.05524522917781347,1,-0.028787941753237067,0.0633333333333334,-0.1200000000000001,1.0,1.0,-0.0018259281801583649,0.04840000000000028,-0.008407448001434534,0.03308601208351991,0.015100386185915582,0.96,-0.6260999999999939,0.020757651781234232,-0.10869565217391308,-0.16699740497633953,-0.2649186256781193,0.9024528862731109,-0.22000000000000064,-0.0012542160526298751,1.0,0.01612709914590038,5.229242348218766,-0.38011438627364713,RECESSION
2007-03-01,0.025793632616832207,0.031554629729812156,0.05609275740030495,-0.03281024940581301,0.02389213246554367,0.04003095069556295,0.02083464398330226,0.005484418930693735,0.009171972480725765,1,-0.04949999999999477,0.053056516724336644,0.13849052977092802,0.04319142319823479,1,-0.028756746527151655,0.16666666666666674,-0.1299999999999999,1.0,1.0,0.030902348578492056,0.09610000000000031,-0.012409594715624535,0.032221872741034385,0.01346024916564148,0.7699999999999996,-0.04949999999999477,0.02420260782347028,-0.10869565217391308,-0.03845529774460499,-0.25361980382998595,0.7139072425996946,-0.3100000000000005,-0.0018215719118639395,1.0,0.022361444168802924,5.235797392176529,-0.30155733836715437,RECESSION
2007-04-01,0.025308035115800154,0.03232267868349514,0.05878615023127276,-0.06771227853188821,0.02564898622023759,0.041338319993568406,-0.03731370613548379,0.017257804930514098,0.003600700131527468,1,-0.07809999999999206,-0.0056242969628796935,0.13760309965793316,0.039386720654952745,1,-0.031028668664430326,-0.013333333333333289,-0.010000000000000675,1.0,1.0,0.043773119605425626,0.14440000000000058,-0.01570856159755603,0.0316894091726041,0.012834649142151378,0.6699999999999999,-0.07809999999999206,0.027981972959439272,-0.04444444444444451,-0.037201907790142985,-0.2464589235127479,0.6112138497687272,-0.3800000000000008,-0.0026286200445102548,1.0,0.031989502782038715,5.23201802704056,-0.24073133570340277,RECESSION
2007-05-01,0.029076019270608766,0.03203767737374874,0.06370568443941638,0.19834612707540444,0.023307779164438047,0.04005920137986685,-0.03622267367843657,-0.005171595852049293,0.012429362807618638,1,0.0,-0.003432494279176357,0.13029653402223085,0.02930461484213153,1,0.0018435286460736222,0.1166666666666667,0.020000000000000462,1.0,1.0,0.04321363359707853,0.0323999999999999,-0.007210656248376021,0.03279017939926021,0.012018207180089613,0.45999999999999996,0.0,0.025929247633283525,-0.06666666666666665,-0.08207777299469077,-0.2642642642642643,0.3962943155605836,-0.17999999999999972,-0.003082179005825969,1.0,0.03486762815066413,5.224070752366717,-0.1817682591982427,RECESSION
2007-06-01,0.029798485426711263,0.03429079975665017,0.0647622401220711,0.030187616431006092,0.02352983013477794,0.04272858806375446,0.08219350451993157,-0.012896249603254972,0.004004852809879056,1,-0.06929999999999836,0.1163084702907713,0.1281661523204951,0.020076294437842018,0,0.002697637368191508,0.06666666666666671,-0.019999999999999574,1.0,1.0,0.04523522316043427,0.0,0.0008545717612750709,0.03411496577083972,0.012792754442234378,0.3099999999999996,-0.06929999999999836,0.02709885742672613,-0.06666666666666665,-0.10544121793064554,-0.21627296587926514,0.2452377598779285,0.019999999999999574,-0.0006674947234071027,0.0,0.03726146813373732,5.222901142573274,-0.2713697219361483,RECESSION
2007-08-01,0.026434417747193573,0.04714283707820632,0.06173054335058947,-0.03872684730722653,0.021247260128685497,0.05433334474221141,0.033301973048648126,0.012750341768325235,-0.0026416015234151935,1,-0.3482000000000056,0.06729634002361284,0.133650589931406,0.001234610867011763,0,0.01427414336234456,-0.1233333333333333,0.17999999999999972,1.0,1.0,0.049760191846522694,0.0,0.009780002053598039,0.03399436697496472,0.011096543591471386,0.019999999999999574,-0.3482000000000056,0.023178905864958077,-0.08695652173913038,-0.0030909823948392923,-0.22802041973908116,-0.0417305433505899,0.17999999999999972,-0.0009216635886182267,0.0,0.041956652399778305,5.236821094135042,-0.22049510650546922,RECESSION
2019-04-01,0.006545559146318158,0.049170191776902517,0.03888829426665241,-0.026689469253251774,0.015218076513927814,0.045000117351156055,-0.06926534894552072,0.14119194553033676,-0.019366977664622365,1,-1.3984999999999985,-0.029585798816568087,0.1009540850288686,0.03499946483998718,0,-0.0010105463796736824,-0.29,0.1599999999999997,1.0,1.0,0.007526342197691882,0.0,0.007650019949696526,0.039679550128952634,0.01358915565147023,0.9000000000000001,-1.3984999999999985,0.018831863513063984,-0.04347826086956508,-0.07301131834847763,-0.06498194945848379,0.8611117057333477,0.16999999999999993,-0.0019067331251951813,0.0,-0.010028695824262912,2.391168136486936,-0.09635811836115327,RECESSION
2019-05-01,-0.010247462328067725,0.048463195247715696,0.03984381679824445,0.05306227843458067,0.015663384627478738,0.047203052988086025,-0.054074628962759164,0.01487005887620052,-0.029363884651586236,1,-1.9423999999999921,-0.0161943319838056,0.07490631398040093,0.029085986262718445,0,0.0006124596813488203,-0.34,0.18999999999999995,1.0,1.0,0.00898652021967039,0.0,0.0070804579482129,0.037880296978953565,0.014627408705026212,0.73,-1.9423999999999921,0.020005834702090608,-0.10416666666666663,-0.036075471698113204,-0.04063860667634256,0.6901561832017555,0.1499999999999999,-0.0016261467602318724,0.0,-0.02365938655320221,2.399994165297909,-0.0031347962382445305,RECESSION
2019-06-01,-0.00010156011968476264,0.04742336355379062,0.04344617131502382,0.07499845633505664,0.014655536045359518,0.04671044141700942,-0.015123036437709736,-0.012770490202284268,-0.011197977823219851,1,-1.9359999999999928,0.020408163265306145,0.07381681310758337,0.029977858207366443,0,0.001201933107983777,-0.19666666666666668,0.18999999999999995,1.0,1.0,-0.0073818897637795144,0.0,0.0023355220708504627,0.03553119970301588,0.012612443022145703,0.6900000000000002,-1.9359999999999928,0.017959105553606136,-0.06666666666666665,-0.1307516433266649,0.006726457399103047,0.6465538286849764,0.04999999999999982,-0.000983947484020975,0.0,-0.01574433575241574,2.372040894446394,-0.04716285924834196,RECESSION
2019-07-01,-0.0073693288629623765,0.05027983123441526,0.04709478391305577,0.13914335326048222,0.014260651383430245,0.048859231553035176,-0.03306231696302042,-0.02788008543083631,-0.013914888009280535,1,-1.9829000000000008,0.0,0.06719384890058477,0.026373078991311225,1,0.0038591142018791214,-0.15,0.2599999999999998,1.0,1.0,-0.019098922624877446,0.010000000000000018,-0.004885923155303522,0.03306231696302042,0.012607411385606948,0.5599999999999998,-1.9829000000000008,0.01671194894390049,-0.06666666666666665,-0.19463680565787544,-0.03420074349442381,0.5129052160869441,-0.10000000000000009,-0.0009817442658632825,0.0,-0.019060016537164937,2.3632880510560996,0.04278523489932895,RECESSION
2019-08-01,-0.013774541767684445,0.050332122999522166,0.0502964008468596,0.029624862463410007,0.014539295260287632,0.04899872441428421,-0.02286734592959161,-0.018257478648279868,-0.0035270794396167204,1,-2.438699999999997,0.005107252298263587,0.06416109453176477,0.024645236414961205,1,0.0017956714261981865,-0.10333333333333333,0.21999999999999997,1.0,1.0,-0.017621145374449476,0.001600000000000003,-0.00195994897657137,0.027974598227855196,0.012864045094618248,0.49,-2.438699999999997,0.01826331335037068,-0.06666666666666665,-0.19202592279515363,0.033733133433283324,0.4397035991531404,-0.040000000000000036,-0.0017633636104079642,0.0,-0.026614811379340075,2.3817366866496292,0.026490066225165476,RECESSION
2019-09-01,-0.013396749291328724,0.05036218047106167,0.05295577760120396,0.11470944309927367,0.014304164057608038,0.04764859618171946,-0.09531424424676538,-0.2594173065530607,-0.013295189171643962,1,-1.9816999999999894,-0.06652806652806653,0.0698408534618824,0.01165027107226487,1,0.0009381547647100419,-0.05333333333333334,0.05999999999999983,1.0,1.0,-0.020648967551622488,0.10240000000000005,-0.01524755077815023,0.028786177718698847,0.01267442405728958,0.21999999999999997,-1.9824999999999875,0.017376412106666406,-0.06666666666666665,-0.1946811636791067,0.16417910447761197,0.16704422239879602,-0.32000000000000006,6.198103514387654e-05,0.0,-0.022425832991022743,2.1126235878933333,0.06754658385093171,RECESSION
2019-10-01,-0.01737457300836487,0.05076183780481203,0.05639607130069724,0.0060147651006710046,0.012839539924622612,0.04743199437485668,-0.09999196345010042,-0.34013302809649115,-0.010005244145402492,1,-2.1596999999999866,-0.06893106893106882,0.06494555479017183,0.0050756464170627555,1,-0.0014272371781784976,-0.21,0.050000000000000044,1.0,1.0,-0.025540275049115824,0.03609999999999998,-0.009012078931222767,0.0310608945190316,0.013437512553730047,0.09000000000000008,-2.3116999999999877,0.016844977040391562,-0.06666666666666665,-0.18909298020788834,0.11796042617960434,0.03360392869930284,-0.18999999999999995,0.0008301011681230985,0.0,-0.03078840784791792,2.0231550229596085,0.048799999999999955,RECESSION
2019-11-01,-0.024594751580988228,0.051362468747716106,0.06508809336774779,0.05868601895091974,0.012885618207514993,0.047117092217151546,-0.06302201975496824,-0.5690764236458155,-0.010820209813303783,1,-2.8623000000000047,-0.03144016227180524,0.05329561598471266,-0.023431713612389195,0,-0.0018816321971326655,-0.3466666666666667,0.15999999999999992,1.0,1.0,-0.029325513196480912,0.0,0.002827025533029095,0.031581857483163,0.012927431166277703,-0.3599999999999999,-3.0223000000000013,0.017339736996186295,-0.08888888888888902,-0.23731448763250884,0.19732704402515733,-0.42508809336774767,0.06000000000000005,6.338607165945476e-05,0.0,-0.03515160457395794,1.8126602630038138,0.08517608517608521,RECESSION
2020-02-01,-0.02290379015513233,0.04358897198739009,0.06672106886488427,0.204383458053931,0.017944821136310463,0.0358794913457654,0.07228225169709246,-0.28865794277226575,0.001690961425855897,1,-2.0686999999999927,0.0942982456140351,0.012292245003125757,-0.056712908535151624,0,-0.011237600871386144,-0.13333333333333333,0.24,1.0,1.0,0.0010045203415369741,0.0,0.008611077922983696,0.022015993916942644,0.013134746101559402,-0.8499999999999999,-3.413199999999989,0.02599767976845202,-0.11363636363636376,0.11950175165434018,0.18819776714513559,-0.9167210688648841,0.24,0.00020731493528169942,0.0,-0.022510425991076444,1.524002320231548,0.2895595432300162,RECESSION
2020-03-01,-0.014232217750208775,0.0426583798582687,0.06798284918588782,0.23616267379509503,0.01689097203314005,0.03598325541808145,0.052649676856232785,0.027509737151033997,0.006243797474437374,1,-1.7573000000000008,0.07675906183368864,0.007972161538816191,-0.055745936332428,1,-0.007418265045765704,-0.17666666666666667,0.16999999999999993,1.0,1.0,-0.012550200803212896,0.0004000000000000007,-0.0007196651083616296,0.02410938497745585,0.014833374426089785,-0.8199999999999998,-3.1557999999999993,0.023413166797595197,-0.09090909090909094,-0.08025477707006379,0.13608087091757382,-0.8879828491858877,-0.020000000000000018,0.0011317228757981024,0.0,-0.014527190745035834,1.5565868332024049,0.38180196253345233,RECESSION
2022-12-01,0.0008902953837490735,0.05639486143935235,0.0032144848624002798,-0.11982945060366201,0.06030493273542614,0.07858567195738342,-0.15759856352959256,1.4609972272168483,-0.009631106763512642,1,-0.8873999999999995,-0.15875370919881304,0.1462408812993965,0.011893593990881034,1,0.004272590031174861,-0.18666666666666662,-0.6099999999999999,0.0,0.0,0.08167308569713949,0.06760000000000012,-0.020432274708919708,-0.001155145669220481,0.03358574013268112,3.6999999999999997,-0.8873999999999995,0.07122856456533988,-0.09523809523809534,0.06595072646873024,-0.19548022598870052,3.6967855151375995,-0.26000000000000023,-0.007469420951805139,0.0,-0.015746162687118925,3.70877143543466,-0.15992970123022843,NO RECESSION
2023-01-01,-0.008016099812473643,0.053640734235534504,-0.009747567758617404,-0.18226902959945657,0.05520050627946982,0.07660970735831585,-0.15763317300166324,1.5578750649406858,-0.03263628696999965,1,-1.9084000000000003,-0.1529745042492917,0.13193690854897122,-0.039185222389641956,1,0.002051494194016845,-0.3399999999999999,-0.6699999999999999,0.0,0.0,0.06861331410718585,0.39689999999999986,-0.04826411563573898,0.004658668752371531,0.030210391413467264,4.02,-1.9084000000000003,0.06404600402357152,-0.11904761904761907,0.0659601171384745,-0.2587486744432662,4.029747567758617,-0.6299999999999999,-0.009113968575975795,1.0,-0.0317754835839309,4.035953995976428,-0.2425482174167154,NO RECESSION
2023-02-01,0.003188082918103907,0.05448647963799669,-0.01724918465958969,-0.10902671625742388,0.05507734586232882,0.07657067241826732,-0.0464282836110117,1.2643163543973293,-0.007460100811974346,1,-1.4407999999999959,-0.034226190476190466,0.1311252147326829,-0.07330903480325618,1,-0.0012614632719334384,-0.16333333333333333,-0.6800000000000002,0.0,0.0,0.05588895245746639,1.0201000000000005,-0.07733637914245,0.012202093134821235,0.03179872805087802,4.25,-1.4407999999999959,0.06327178517960097,-0.07142857142857151,-0.0612833453496755,-0.26261050442017686,4.2672491846595895,-1.0100000000000002,-0.004325171472585376,1.0,-0.005311704022827213,4.266728214820399,-0.19787359716479624,NO RECESSION
2023-03-01,-0.001634816837026265,0.05060291872727518,-0.022342305851161703,-0.033711917266881386,0.05197803844154003,0.0717902600657101,0.05042563042603154,0.8016503571839695,-0.0025251122207753385,1,-1.4339999999999975,0.0652866242038217,0.12323756809654007,-0.10031695327171605,1,-0.00679541189167332,-0.10666666666666667,-0.7800000000000002,0.0,0.0,0.02378294941819048,0.8100000000000006,-0.06461123405913911,0.014860993777790155,0.02811868059008793,4.49,-1.4339999999999975,0.05957820738137087,-0.18181818181818188,-0.16161065037101707,-0.13055254604550381,4.512342305851162,-0.9000000000000004,-0.005467059542593189,1.0,-0.01055801579946869,4.510421792618629,-0.1936416184971098,NO RECESSION
2023-04-01,-0.0036512224493961964,0.04745501485928316,-0.03881935551975613,0.04607762918142133,0.04428273156924578,0.06752749325246077,0.020106178269433395,0.5648688103946728,0.004364877363077446,1,-1.238199999999992,0.043771043771043905,0.10169309873979748,-0.17274613206291478,1,-0.00908221410585508,-0.08999999999999998,-0.6399999999999997,0.0,0.0,-0.011353234825817071,1.0609000000000006,-0.0695533180500346,0.02366486550161051,0.025238740376036795,4.45,-1.238199999999992,0.04917719362889961,-0.1428571428571429,-0.3246082949308756,-0.224855186940495,4.488819355519756,-1.0300000000000002,-0.004971651037430469,1.0,-0.021372046591708216,4.6008228063711005,-0.19647058823529406,NO RECESSION
2023-05-01,-0.001843454258675048,0.04168584574662093,-0.04640671799489171,-0.0589055948661944,0.044760129603177434,0.06240011747603047,-0.04763399794629497,0.5137709863883568,-0.005031537176778955,1,-1.0343999999999909,-0.02300613496932513,0.07925790694008805,-0.2088302309770127,1,-0.014170554942236846,-0.2666666666666666,-0.5599999999999996,0.0,0.0,-0.03166861407410193,2.1315999999999997,-0.09110417151500448,0.02462786297696984,0.02474558609181976,4.5,-1.1537999999999897,0.049500798791243694,-0.12195121951219501,-0.21939477303988997,-0.1984856679286101,4.546406717994891,-1.46,-0.007053141959058262,1.0,-0.011591137925038741,4.780499201208756,-0.25677919203099064,NO RECESSION
2023-06-01,-0.003995717112307395,0.03482735367169565,-0.04091536973938659,0.2343919419123751,0.04003462454014284,0.05679656605895955,-0.019758085385981117,0.5082596950675198,-0.0023609002752811303,1,-1.1707999999999998,0.010273972602739656,0.05940321845071339,-0.17552693618196843,1,-0.014993694006750546,-0.18333333333333332,-0.56,0.0,0.0,-0.07165939008457423,2.4648999999999996,-0.08917060871256649,0.030032057988720773,0.024558331797477795,4.289999999999999,-1.4921999999999969,0.04131851231385042,-0.09999999999999998,-0.34659972615244183,-0.07714786674459384,4.330915369739386,-1.5699999999999998,-0.003560348792610135,1.0,-0.008979497339050901,5.018681487686149,0.0407503234152653,NO RECESSION
2023-07-01,-0.008893464531073647,0.03430595888877175,-0.03917863907238872,0.10906698926357172,0.03284521339529123,0.053254240990659785,0.24784028238389744,0.4484710228989286,-0.005242242081677451,1,-1.8736999999999995,0.28400000000000003,0.03274287261195541,-0.15162133321014434,1,-0.014273252261800984,-0.18333333333333335,-0.8899999999999997,0.0,0.0,-0.09416915550702754,1.9881000000000004,-0.07508847979683031,0.036159717616102593,0.023116606938920148,3.87,-2.1950999999999965,0.03070617072997095,-0.09999999999999998,-0.3882793451758969,-0.16164542294322137,3.9091786390723886,-1.4100000000000001,-0.0021221334371166467,1.0,-0.010380004553887434,5.049293829270029,-0.08740359897172234,NO RECESSION
2023-08-01,-0.0031247838929887584,0.031051505130273993,-0.03958575836520517,0.3161134901496593,0.0340904219289897,0.050272843379979504,0.35965257690591046,0.3066233061069612,-0.0012813296343137104,1,-1.2313999999999936,0.38834951456310685,0.0203980289998138,-0.1361750087763058,1,-0.012127274096050966,-0.15333333333333335,-0.9300000000000002,0.0,0.0,-0.06772222099796521,1.8225000000000002,-0.06786833856297234,0.028696937657196386,0.01940916692798167,3.4400000000000004,-1.6644999999999897,0.03287749268428297,-0.07692307692307687,-0.2514268844715608,-0.1036906854130053,3.4795857583652055,-1.35,-0.005336419163838091,1.0,-0.007283103485565379,5.087122507315717,0.05933429811866864,NO RECESSION
2023-09-01,-0.0025421306219911566,0.018782537034899516,-0.03973311030916882,-0.1784787829452914,0.0343205991996991,0.040956477078972764,0.16591620981285327,0.2740934642787982,0.0014535864903162388,1,-1.3499000000000052,0.1924398625429553,0.0125241352224581,-0.11919933092750645,1,-0.01584008897998679,-0.15000000000000002,-0.7300000000000004,0.0,0.0,-0.04402217061280811,1.2768999999999997,-0.04628081909923922,0.026523652730102043,0.018902987702299034,3.0,-1.7830000000000013,0.03722504803505289,-0.05263157894736836,-0.13109853741859723,0.019808306709265144,3.039733110309169,-1.13,-0.00565534409517876,1.0,-0.007515160420359268,5.292774951964947,-0.1377284595300261,NO RECESSION
2023-10-01,-0.002672476942852109,0.015079812150285532,-0.03656696671045856,0.011779020983876287,0.0344889282701859,0.037065698056928165,0.13247345471190397,0.24383410434877817,0.006220987588221538,1,-1.146799999999999,0.15699658703071662,0.004861541007805004,-0.10129049778797021,1,-0.01618854293373162,-0.023333333333333334,-0.6399999999999997,0.0,0.0,-0.03346049615898583,0.8836000000000007,-0.03484175617351249,0.024523132318812646,0.01845919443684796,2.77,-1.7042999999999893,0.03687206638119256,-0.05263157894736836,0.06135770234986948,-0.035308953341740223,2.8065669667104585,-0.9400000000000004,-0.004657412502072189,1.0,-0.0070402556901674185,5.293127933618807,-0.07562457798784605,NO RECESSION
2023-11-01,-0.007742988102069082,0.011434980355152335,-0.03386103372126603,-0.10497745164563954,0.030232617305099296,0.03253961692650642,0.03942576495781225,0.21036483358567093,-0.004618204209080323,1,-1.2954000000000008,0.06510851419031716,0.00037573013409408773,-0.07618732587284857,1,-0.017733226453473083,-0.23666666666666666,-0.27000000000000046,0.0,0.0,-0.03723293883294776,0.2916,-0.017571393140313467,0.02568274923250491,0.0171301619472648,2.25,-2.1828000000000003,0.032512659098611785,-0.125,-0.021816105082809734,-0.03727100442198361,2.283861033721266,-0.54,-0.00227900498071687,1.0,-0.014790460000610794,5.297487340901388,-0.0456431535269709,NO RECESSION
2023-12-01,-0.0009043615385835313,0.008863360044364166,-0.030818094771012827,0.19909526566670666,0.027650899986466193,0.030998477405901115,0.05093047350481039,0.005891585289140799,0.0016377690834076253,1,-0.779900000000012,0.08112874779541435,-0.00885839460138338,-0.04776804689506989,1,-0.009957999673071649,-0.1333333333333333,-0.3799999999999999,0.0,0.0,-0.039143933089372474,0.5928999999999993,-0.023868827602543847,0.030198274290603955,0.01595544663580606,1.5500000000000003,-1.9337000000000018,0.031333462745911866,-0.07894736842105254,-0.07917506222590975,0.0625,1.580818094771013,-0.7699999999999996,-0.0029475410664929758,1.0,-0.002126098578325464,5.298666537254088,0.06136680613668055,NO RECESSION
2024-01-01,0.008386591076755323,0.006427286559554712,-0.02410628745327148,0.23611840514833993,0.027672658467360334,0.02671380471907181,0.13506352771804142,0.003712966954090291,0.011059068019607432,1,-1.0300000000000011,0.16555183946488294,-0.012704516919948672,-0.02965073356752393,1,-0.010351893337856355,-0.1633333333333333,-0.4400000000000004,0.0,0.0,-0.03114033897253543,1.4884000000000015,-0.032590841757267626,0.030488311746841523,0.01629498127534945,1.2300000000000004,-2.183799999999991,0.033159099427102934,-0.05405405405405406,-0.05939298796441639,0.07367668097281821,1.254106287453272,-1.2200000000000006,-0.002164213161498507,1.0,0.015560626393537724,5.296840900572898,0.16049382716049387,NO RECESSION
2024-02-01,-0.012762549126908995,0.005549972532112646,-0.020612014665789213,0.06037069402770723,0.026987514493606035,0.026448892674455937,0.1842424570169987,0.0016292292337558578,-0.005019561024839914,1,-2.133800000000008,0.217257318952234,-0.018309272881829486,-0.020612014665789213,1,-0.006090724252050483,-0.32,-0.2600000000000007,0.0,0.0,-0.03428160798072444,1.3456000000000004,-0.03068071550236889,0.033014861935235285,0.014575903240812593,1.0,-3.2875999999999976,0.030883429864855705,-0.10256410256410253,-0.05081925243215568,0.09167842031029627,1.0206120146657893,-1.1600000000000001,-0.002554258706452206,1.0,-0.017319558425670123,5.299116570135144,0.014727540500736325,NO RECESSION
2024-03-01,-0.003543266402759926,0.004054467685008056,-0.014995150704795623,0.053328534365111535,0.02705057426970159,0.026554432836860542,0.11843684928707687,-0.00023727867057488083,-0.0026389048641763946,1,-1.3723000000000098,0.14947683109118093,-0.014351007177587305,-0.01139631453564467,1,-0.004444044569040573,-0.28,-0.33000000000000007,0.0,0.0,-0.014470230294314379,1.0609000000000006,-0.027351065821966364,0.031039981804104055,0.01400693898082106,0.7599999999999998,-2.5260999999999996,0.03157074141648697,0.0,0.005466614603670372,-0.02180685358255452,0.7749951507047954,-1.0300000000000002,-0.001948507654984999,1.0,-0.0054040690547291215,5.298429258583513,0.11469534050179209,NO RECESSION
2024-04-01,-0.00557312624665296,0.0015603878596279763,0.0011269058317378011,-0.21100627225566226,0.029279392327126175,0.021538012463285794,0.2526833350489719,-0.001709249693734094,-0.013959717323408283,1,-1.2916000000000025,0.2806451612903227,-0.016946036048997026,0.0007662959655817044,1,-0.005175792255786016,-0.2833333333333333,-0.3799999999999999,0.0,0.0,-0.007651850526332216,1.0609000000000006,-0.022184152837184373,0.027961826241350796,0.015032165740585635,0.6799999999999997,-2.4453999999999922,0.034868349120836584,-0.02777777777777779,0.10917030567685582,0.0033967391304348116,0.6788730941682619,-1.0300000000000002,-0.001262815534763817,1.0,0.0024201075419802986,5.2951316508791635,-0.05051244509516839,NO RECESSION
2024-05-01,-0.009971062585799939,0.0015448315529986711,0.009499860296172224,0.012078118471713362,0.02826154012888593,0.019520190200727372,0.18401831133837465,-0.0027245213973410287,0.002791486541109056,1,-1.1692999999999927,0.21193092621664045,-0.008763845421448146,0.004749930148086112,1,-0.006928702473728565,-0.08333333333333333,-0.33000000000000007,0.0,0.0,0.00027247107914107893,0.49000000000000027,-0.013664133140509164,0.027912614878265796,0.013869670152856006,0.5,-2.6614999999999895,0.033607951262196734,0.0,0.07426054122089343,-0.01754385964912286,0.4905001397038278,-0.7000000000000002,-0.000706233087956587,1.0,-0.012373457920219932,5.296392048737803,0.026805658972449686,NO RECESSION
2024-06-01,-0.0006499644303002983,0.0024783649018398357,0.00922734212219245,-0.2887164716391445,0.026616729088639213,0.02012762045268901,0.14152536775990954,-0.0008720444235441605,0.0028933019724596276,1,-0.5812000000000097,0.17118644067796596,-0.0034505254541368213,0.0024913823729919658,1,-0.006426812384171532,-0.11666666666666665,-0.3799999999999999,0.0,0.0,0.006476918831552769,0.5928999999999993,-0.01549826774857053,0.02966107291805642,0.012546978895634497,0.27000000000000046,-2.2456999999999994,0.03244278584003113,0.0277777777777779,0.11791003073484219,-0.11019632678910707,0.260772657877808,-0.7699999999999996,-0.0014599600851865624,1.0,-0.0050309645106951795,5.297557214159969,-0.1740211311373524,NO RECESSION
2024-07-01,0.007734749239909133,-0.0015878933255200067,0.013067998788397484,-0.021318540820324583,0.02548373440470164,0.01563378758261802,0.03135531729392804,0.00516576963436588,0.013307875486562093,1,-0.618700000000004,0.06230529595015577,0.0032191132606738115,0.003266999697099371,1,-0.005904224880667774,-0.14666666666666667,-0.4300000000000006,0.0,0.0,0.008091073820215788,0.8649000000000011,-0.014539422451834767,0.030949978656227728,0.0116435719784449,0.25,-2.2831999999999937,0.029702579486470926,0.0,0.13551601423487547,0.008293020041465038,0.23693200121160252,-0.9300000000000006,-0.0033885937621407347,1.0,4.8492752396933625e-05,5.300297420513529,-0.07183098591549297,NO RECESSION
2024-08-01,-0.009226344732312097,0.0012561637065260367,0.014750723829128232,-0.1600023802839251,0.02594376777467322,0.017417698861632802,-0.10029472855781629,0.004193193326614164,0.0007447178534878418,1,-1.3429000000000002,-0.07132867132867127,0.0013853806056958184,0.003097652004116928,1,-0.00210249133909457,-0.15,-0.25,0.0,0.0,0.013733330706955371,0.9025000000000003,-0.016546813918551166,0.028966057229145026,0.010926475394602786,0.20999999999999996,-3.0471999999999895,0.029414757935583014,0.0277777777777779,0.0753253582226896,-0.0535947712418301,0.19524927617087173,-0.9500000000000002,-0.0029431947582532203,1.0,-0.011727770212984545,5.300585242064417,-0.13319672131147542,NO RECESSION
2024-09-01,-0.004050008280501727,0.01105901912755547,0.019728611298238885,0.22928229692084978,0.02412994957427461,0.022038133014699923,-0.05050808952664387,0.0063713409331107584,-0.0034000438502014285,1,-1.0678000000000054,-0.021613832853025983,0.00284121867889775,0.0,1,0.0019105125620109131,-0.22999999999999998,-0.10000000000000009,0.0,0.0,-0.008603694504812243,1.3923999999999994,-0.026004996957345903,0.02889425667361789,0.009573726009688865,0.0,-2.7720999999999947,0.02607144490692037,0.0,-0.05786951713969768,-0.06516290726817042,-0.019728611298238885,-1.1799999999999997,-0.002973252885945632,1.0,-0.0065902160480499905,5.30392855509308,0.05526116578349738,NO RECESSION
2024-10-01,-0.012004422838397089,0.0103209414229537,0.025152262739958298,0.06306546363645715,0.02260766436883843,0.020685298619621317,0.003995546779449466,-0.1945622508289464,-0.019739172078306222,1,-1.386499999999998,0.03392330383480813,0.006357536873018654,-0.005030452547991664,1,0.005051511037003298,-0.25333333333333335,0.10000000000000009,0.0,0.0,-0.024145148956877138,0.9999999999999991,-0.020685298619621307,0.02992775705535866,0.009557784639776967,-0.20000000000000018,-3.3202,0.024264830315416708,0.0,-0.21458123672145824,-0.07124183006535945,-0.22515226273995848,-0.9999999999999996,-0.0020857873386679326,1.0,-0.012510315640618108,5.105735169684583,-0.00876552227903582,NO RECESSION
2024-11-01,-0.009947356843759692,0.008799678905295094,0.028894654103214235,0.12595034449988118,0.024776925356425616,0.020630649914230803,0.07587744475792202,-0.49637368260313064,-0.0007210121114475943,1,-1.7228999999999957,0.10501567398119138,0.005328576761685078,-0.014447327051607117,1,0.003212951052598001,-0.31,0.12999999999999945,0.0,0.0,-0.008272202890372782,0.1681000000000001,-0.008458566464834632,0.029138229223269363,0.008743357858164824,-0.5,-3.6565999999999974,0.02578844053871343,0.028571428571428692,-0.15938813638486693,-0.05839895013123364,-0.5288946541032142,-0.41000000000000014,-0.002183117536437962,1.0,-0.013856342859504434,4.804211559461287,-0.007246376811594235,NO RECESSION
2024-12-01,-0.015579409481489392,0.008664367894237301,0.03397639483944337,-0.20112187537613868,0.025878034125423,0.014518118651867695,0.1444508520675445,-0.6911232797059288,-0.011529401200987666,1,-1.6899000000000086,0.17128874388254478,0.009735457060809471,-0.023443712439215936,1,-0.007520014362832228,-0.30000000000000004,0.10000000000000053,0.0,0.0,0.0014039611478471326,0.003599999999999953,-0.000871087119112056,0.026837891815000292,0.008780942292106797,-0.6900000000000004,-3.8736999999999995,0.02719472461284833,0.028571428571428692,-0.09962672158578967,-0.0006609385327164263,-0.7239763948394438,-0.05999999999999961,-0.0007927837175820684,1.0,-0.015668140214276316,4.612805275387151,-0.1458607095926413,NO RECESSION
2025-01-01,-0.0027414662172438042,-0.01059698147541055,0.034056949263470804,0.0021165861088230375,0.027280946901200087,-0.00821863527522071,0.03693900950022777,-0.6544420793596819,0.009262956621153284,1,-0.9309999999999974,0.061692969870875025,0.0025368103511380635,-0.028948406873950172,0,-0.028903933894842027,-0.09333333333333334,0.15999999999999925,0.0,0.0,0.014235630297839696,0.0,-0.000986236233026486,0.024753960370647254,0.009301465666180064,-0.8499999999999996,-3.1766999999999967,0.028706909675099812,0.028571428571428692,-0.02475660639777466,-0.022651565622918035,-0.8840569492634704,0.1200000000000001,-0.0002563189735969029,0.0,-0.011230455192838718,4.451293090324901,-0.0066489361702127825,NO RECESSION
2025-03-01,0.008119858403550007,-0.011467323130287088,0.03276502387473301,0.10470315332254487,0.027104846734857135,-0.011498059177579845,-0.1812012159330304,-0.3108211098647642,0.0236992678850394,1,-0.5275999999999925,-0.15864759427828357,-0.03419399719203953,-0.03276502387473301,0,-0.02601617782944754,0.07333333333333335,0.2400000000000002,0.0,0.0,0.01793461632003024,0.0,-0.0026445536108433694,0.022553621654746836,0.00681769038018798,-1.0,-2.773299999999992,0.028015834477613355,0.0277777777777779,-0.07404530744336568,-0.0789808917197452,-1.032765023874733,0.23000000000000043,-0.0019632519119188174,0.0,1.0314031311242644e-06,4.301984165522387,-0.04115755627009643,NO RECESSION
2025-04-01,0.005802453773984029,0.009497241090230535,0.034255624609484725,0.04442842730359742,0.023594336708984365,0.001388759565931652,-0.3098814738932135,-0.14511290495295626,0.008543919991227833,1,-0.6642999999999972,-0.2821158690176323,-0.028061866596373775,-0.034255624609484725,0,0.009607394841152361,0.016666666666666673,0.31000000000000005,0.0,0.0,0.013445971108802413,0.0,0.00011110076527453226,0.027765604875581218,0.00578537589066852,-1.0,-2.9099999999999966,0.02381981462805549,0.05714285714285716,-0.16043307086614178,0.010155721056194889,-1.0342556246094847,0.08000000000000007,-0.003516089775511544,0.0,0.003091989255285643,4.306180185371945,0.037779491133384635,NO RECESSION
2025-05-01,0.008823523543694645,0.012326409128838867,0.03891121142998921,0.03337066151930623,0.022774259978433964,0.004395428743739993,-0.3558415094685561,0.006655900776421753,0.00033349660418613425,1,-0.6912999999999982,-0.32383419689119175,-0.030375935661804077,-0.03891121142998921,0,0.013762025191972893,0.06333333333333335,0.5000000000000004,0.0,0.0,0.005502416549276523,0.0,0.0003076800120618008,0.03200731257736433,0.006062337332571666,-1.0,-2.8175999999999988,0.0232538823025783,0.0277777777777779,-0.2555360281195078,-0.007554945054945028,-1.0389112114299892,0.07000000000000028,-0.0018086698506776244,0.0,0.007947061016527979,4.306746117697422,0.015228426395939021,NO RECESSION
2025-06-01,0.0010162299356553106,0.014755507287473435,0.03874586139970315,0.011059738361894778,0.024580860654408676,0.004664753535907451,-0.26456925691180544,0.004243183403931816,-0.007103628467894696,1,-0.8692000000000064,-0.2445730824891461,-0.02959473342872576,-0.03874586139970315,0,0.016162812713487296,-0.17,0.5,0.0,0.0,0.01317990074927633,0.0,0.0007930081011042663,0.01999617442265933,0.005646921476067268,-1.0,-2.831000000000003,0.023772651073680873,0.0,-0.223069232691827,0.00782918149466183,-1.0387458613997032,0.16999999999999993,-0.0011707689041207114,0.0,0.001478817687318612,4.306227348926319,-0.03009781790820165,NO RECESSION
2025-07-01,0.005793208714095943,0.012530365831082468,0.04137973584171384,0.008502754693626047,0.025935129797068024,0.0034157926551297013,-0.12663140498301095,-0.0029847240310472145,-9.24505988808555e-06,1,-0.08870000000000289,-0.10997067448680353,-0.029558591806727486,-0.04137973584171384,0,0.0020270330891980493,-0.25333333333333335,0.48999999999999977,0.0,0.0,0.017884914463452528,0.0,0.0005123688982694534,0.01666073049620742,0.00496528108056693,-1.0,-2.5394000000000005,0.02680453865910226,0.0277777777777779,-0.1454180769712924,-0.04112405757368065,-1.0413797358417138,0.14999999999999947,-0.0008200948101015904,0.0,0.006737070602023776,4.303195461340898,0.04628224582701068,NO RECESSION
2025-08-01,0.019187662602012212,0.00996049985153924,0.04392172103758951,0.11321917013676397,0.02605547294239341,0.001929629088082807,-0.09221930713231274,-0.004172298219093484,0.010364139058317567,1,0.0,-0.07078313253012047,-0.0320959798541991,-0.04392172103758951,0,-0.002465799655657186,-0.12333333333333334,0.5099999999999998,0.0,0.0,0.01957477236603289,0.0,0.0002701480723315924,0.02143617460219227,0.00503334432132263,-1.0,-2.209000000000003,0.02742618052167134,0.0,-0.16393643031784833,-0.03314917127071826,-1.0439217210375895,0.13999999999999968,-0.0010289930112490353,0.0,0.019788636975738738,4.3025738194783285,0.128447596532703,NO RECESSION
2025-09-01,0.011886779865559305,0.009337759628509579,0.042497168742921865,-0.04379027391389301,0.027476208541517,0.0005582515535789145,-0.1653411538539752,-0.005613266356634838,0.010870549929903994,1,-0.29419999999998936,-0.1428571428571429,-0.03008734594980167,-0.042497168742921865,0,-0.0041065019823285365,-0.13999999999999999,0.5599999999999996,0.0,0.0,0.0260194235564446,0.0,7.815521750104785e-05,0.022484010996832282,0.00453228699835817,-1.0,-2.5031999999999925,0.029385917430316155,0.0277777777777779,-0.15414710485133032,-0.09718498659517427,-1.0424971687429219,0.13999999999999968,-0.0011146344777090977,0.0,0.015105915276058646,4.300614082569684,-0.07388809182209466,NO RECESSION
2025-10-01,0.018631698334008018,0.011675768326778302,0.04232548083250287,-0.07428519350571372,0.027874424148706556,0.0026922204153598805,-0.23646341847120966,-0.11342117718803113,0.012838489619912075,1,-0.35360000000000014,-0.21398002853067044,-0.030833170824815515,-0.038516187557577616,0,-0.0007235722397698208,-0.2133333333333333,0.5500000000000003,0.0,0.0,0.03709009743472036,0.0,0.0005384440830719766,0.022483389940539222,0.004027559653477786,-0.9100000000000001,-2.438200000000009,0.030225715847133294,0.05555555555555558,-0.08940774487471514,0.016185784658691027,-0.952325480832503,0.20000000000000018,-0.0009377214270891443,0.0,0.02040767475938332,4.1897742841528665,-0.02800294767870304,NO RECESSION
2025-11-01,0.017593332629600056,0.01170484212324352,0.04279969629650471,-0.1992505162407322,0.027125805259691216,0.0016121674920690499,-0.2572486644170313,-0.23986518186035077,-0.0015943299724121562,1,-0.7802999999999969,-0.2397163120567376,-0.03368802877341337,-0.03167177525941349,0,-0.00031746159601375723,-0.38999999999999996,0.5399999999999996,0.0,0.0,0.02967429400073507,0.0,0.0003869201980965716,0.017532352360293713,0.0029314001709455084,-0.7400000000000002,-2.5349999999999966,0.027291362382022122,0.0277777777777779,-0.1541880816780108,-0.01184668989547033,-0.7827996962965049,0.23999999999999977,-0.002101944150377122,0.0,0.018522728820502765,4.062708637617978,-0.07080291970802921,NO RECESSION
